CDID,name,count_property,count_fema_sfha,pct_fema_sfha,count_fs_risk_2020_5,pct_fs_risk_2020_5,count_fs_risk_2050_5,pct_fs_risk_2050_5,count_fs_risk_2020_100,pct_fs_risk_2020_100,count_fs_risk_2050_100,pct_fs_risk_2050_100,count_fs_risk_2020_500,pct_fs_risk_2020_500,count_fs_risk_2050_500,pct_fs_risk_2050_500,count_fs_fema_difference_2020,pct_fs_fema_difference_2020,avg_risk_score_all,avg_risk_score_2_10,avg_risk_fsf_2020_100,avg_risk_fsf_2020_500,avg_risk_score_sfha,avg_risk_score_no_sfha,count_floodfactor1,count_floodfactor2,count_floodfactor3,count_floodfactor4,count_floodfactor5,count_floodfactor6,count_floodfactor7,count_floodfactor8,count_floodfactor9,count_floodfactor10
101,Alabama Congressional District 1,427620,46774,10.9,19197,4.5,27698,6.5,77314,18.1,86171,20.2,92631,21.7,101551,23.7,30540,7.1,2.29,6.42,7.28,6.74,6.9,1.72,326050,4618,7763,7187,8291,34180,10016,2774,15221,11520
102,Alabama Congressional District 2,440336,21331,4.8,17790,4,18991,4.3,41532,9.4,43290,9.8,49669,11.3,52079,11.8,20201,4.6,1.68,6.76,7.62,6.97,5.65,1.48,388233,2550,3407,5556,2287,11553,6875,1658,9466,8751
103,Alabama Congressional District 3,468500,27831,5.9,25384,5.4,27706,5.9,57950,12.4,60722,13,69325,14.8,72102,15.4,30119,6.4,1.93,7.02,7.86,7.21,6.05,1.67,396326,3018,3656,5557,4060,14883,10561,2848,14918,12673
104,Alabama Congressional District 4,503148,19538,3.9,28037,5.6,29651,5.9,62030,12.3,63451,12.6,75829,15.1,76929,15.3,42492,8.4,1.92,7,7.84,7.09,6.19,1.75,425874,2081,5837,5755,3454,18405,10163,2376,14054,15149
105,Alabama Congressional District 5,372086,18873,5.1,14104,3.8,14738,4,45851,12.3,47164,12.7,61388,16.5,62565,16.8,26978,7.3,1.89,6.31,7.27,6.39,5.27,1.71,309499,1428,6272,7314,3866,18981,8450,1484,8218,6574
106,Alabama Congressional District 6,357707,10949,3.1,15627,4.4,17028,4.8,39875,11.1,41747,11.7,46891,13.1,48695,13.6,28926,8.1,1.79,6.82,7.54,6.99,6.14,1.66,308965,1915,2278,5499,1897,12975,5884,1638,8564,8092
107,Alabama Congressional District 7,428700,41815,9.8,20368,4.8,22403,5.2,61020,14.2,65232,15.2,77557,18.1,80978,18.9,19205,4.5,2,6.32,7.17,6.48,5.55,1.62,347695,3554,5486,12811,3254,25360,7526,1635,10976,10403
401,Arizona Congressional District 1,481478,27487,5.7,11121,2.3,11636,2.4,50544,10.5,50765,10.5,76446,15.9,76349,15.9,23057,4.8,1.71,5.45,6.59,5.49,3.67,1.59,404125,3763,15650,13849,7129,13232,10346,2012,7482,3890
402,Arizona Congressional District 2,370500,25933,7,5838,1.6,5847,1.6,23556,6.4,23619,6.4,35785,9.7,35759,9.7,-2377,-0.6,1.44,5.52,6.65,5.54,2.99,1.32,334443,843,7285,6273,4285,6550,4580,906,3346,1989
403,Arizona Congressional District 3,319298,19336,6.1,3951,1.2,3916,1.2,19355,6.1,19622,6.1,42044,13.2,42188,13.2,19,0,1.49,4.68,6.27,4.72,2.94,1.4,276626,2483,12608,10636,3424,6594,2852,576,2007,1492
404,Arizona Congressional District 4,633095,31785,5,14273,2.3,15118,2.4,61072,9.6,62885,9.9,90361,14.3,92067,14.5,29287,4.6,1.7,5.76,6.95,5.85,3.87,1.58,540243,3545,14421,15515,6745,21231,13152,2314,10104,5825
405,Arizona Congressional District 5,326010,1458,0.4,50,0,59,0,2695,0.8,3016,0.9,11838,3.6,11702,3.6,1237,0.4,1.09,3.46,4.9,3.56,1.17,1.09,313356,2098,5569,3808,179,796,145,18,35,6
406,Arizona Congressional District 6,314337,13705,4.4,1665,0.5,1722,0.5,14490,4.6,15346,4.9,46691,14.9,47664,15.2,785,0.2,1.48,4.14,6.02,4.2,1.48,1.48,266190,3619,17506,13476,2574,7445,1936,458,886,247
407,Arizona Congressional District 7,205602,3994,1.9,32,0,38,0,5506,2.7,5419,2.6,51679,25.1,50687,24.7,1512,0.7,1.6,3.37,5.61,3.37,2.22,1.58,153574,6323,30102,10411,1578,3291,237,33,50,3
408,Arizona Congressional District 8,334319,2971,0.9,466,0.1,459,0.1,15229,4.6,15186,4.5,47318,14.2,46225,13.8,12258,3.7,1.38,3.72,4.88,3.73,3.09,1.37,286887,4762,19378,16609,1242,3954,910,117,350,110
409,Arizona Congressional District 9,235693,2376,1,93,0,106,0,3211,1.4,3358,1.4,13048,5.5,13354,5.7,835,0.4,1.17,4,6,4.05,2.09,1.16,222122,1062,5543,3611,352,2322,456,44,180,1
501,Arkansas Congressional District 1,534332,70887,13.3,29075,5.4,29983,5.6,69768,13.1,71407,13.4,96517,18.1,98524,18.4,-1119,-0.2,1.96,6.21,7.35,6.28,4.09,1.64,435763,4396,11180,15827,5398,21769,10613,2332,14342,12712
502,Arkansas Congressional District 2,411543,25029,6.1,13463,3.3,13867,3.4,38584,9.4,39510,9.6,51594,12.5,52532,12.8,13555,3.3,1.68,6.32,7.29,6.39,4.72,1.48,358986,1332,5434,6932,2879,14294,7033,1566,7545,5542
503,Arkansas Congressional District 3,418956,12899,3.1,12449,3,12631,3,25697,6.1,26075,6.2,31052,7.4,31502,7.5,12798,3.1,1.45,7.04,7.85,7.1,4.91,1.34,387415,648,2589,2697,1532,6464,4186,1002,5798,6625
504,Arkansas Congressional District 4,536696,43099,8,38317,7.1,38807,7.2,68464,12.8,69005,12.9,80256,15,80834,15.1,25365,4.7,1.96,7.35,8.03,7.39,5.13,1.68,455800,833,5399,6100,3462,13768,11877,2522,20334,16601
601,California Congressional District 1,457360,28195,6.2,17626,3.9,18372,4,68585,15,71976,15.7,100257,21.9,103395,22.6,40390,8.8,2.07,5.72,6.82,5.8,5.38,1.85,353886,4323,13067,21092,7347,27965,9736,1987,8869,9088
602,California Congressional District 2,349820,30231,8.6,23195,6.6,26775,7.7,55942,16,58373,16.7,68041,19.5,72352,20.7,25711,7.3,2.19,6.74,7.71,6.99,6.63,1.77,277402,3309,6009,8063,3697,15363,8112,2205,10421,15239
603,California Congressional District 3,293507,31233,10.6,7856,2.7,8701,3,52657,17.9,55612,18.9,112143,38.2,117875,40.2,21424,7.3,2.64,5.08,6.24,5.19,4.28,2.44,175620,6484,15755,32604,7120,39000,7452,1940,4878,2654
604,California Congressional District 4,457234,7197,1.6,9141,2,9805,2.1,30643,6.7,31396,6.9,40828,8.9,42066,9.2,23446,5.1,1.5,6.38,7.48,6.48,5.2,1.44,415121,1777,4928,4281,1941,10010,6047,1578,7183,4368
605,California Congressional District 5,259783,10133,3.9,10722,4.1,11815,4.5,38436,14.8,40351,15.5,57809,22.3,62228,24,28303,10.9,2.04,5.35,6.61,5.61,4.85,1.93,197533,4132,11082,12228,5766,11327,7169,2486,5014,3046
606,California Congressional District 6,221817,36058,16.3,245,0.1,277,0.1,10214,4.6,11296,5.1,127405,57.4,135924,61.3,-25844,-11.7,2.78,3.9,4.8,4,3.88,2.56,85884,9717,39804,63933,410,21545,219,20,151,134
607,California Congressional District 7,245539,3093,1.3,257,0.1,261,0.1,10029,4.1,11417,4.6,33611,13.7,35973,14.7,6936,2.8,1.46,4.16,5.43,4.29,3.45,1.44,209545,2896,8266,15203,1561,6785,890,97,239,57
608,California Congressional District 8,489633,16850,3.4,6453,1.3,6569,1.3,39860,8.1,40421,8.3,61493,12.6,62406,12.7,23010,4.7,1.57,5.46,6.62,5.5,3.06,1.52,427123,1703,12271,10481,4296,17436,8075,1107,3950,3191
609,California Congressional District 9,244169,13121,5.4,1507,0.6,504,0.2,21585,8.8,23712,9.7,133143,54.5,137497,56.3,8464,3.5,2.96,4.49,6.11,4.55,4.62,2.87,106654,7191,17077,67514,5030,34105,3758,589,1939,312
610,California Congressional District 10,233961,4487,1.9,249,0.1,527,0.2,37926,16.2,42029,18,68885,29.4,71993,30.8,33439,14.3,2.02,4.31,5.3,4.39,3.18,2,161959,6531,17399,19483,11265,11730,4888,339,295,72
611,California Congressional District 11,244206,6170,2.5,2778,1.1,3162,1.3,19709,8.1,20664,8.5,46307,19,48740,20,13539,5.5,1.7,4.49,6.02,4.63,4.28,1.63,195441,3203,11857,18330,1580,8256,2043,555,1939,1002
612,California Congressional District 12,181137,0,0,273,0.2,560,0.3,4232,2.3,4261,2.4,7840,4.3,11405,6.3,4232,2.3,1.2,4.13,6.26,4.86,,1.2,169702,3424,1879,1642,625,2839,636,53,228,109
613,California Congressional District 13,201495,5850,2.9,1439,0.7,2064,1,17595,8.7,17677,8.8,26651,13.2,31709,15.7,11745,5.8,1.55,4.51,5.72,4.98,4.16,1.47,169768,5270,5357,7629,3104,6242,2204,309,1133,479
614,California Congressional District 14,210331,9173,4.4,5132,2.4,11513,5.5,26066,12.4,38072,18.1,43879,20.9,50149,23.8,16893,8,2.16,5.87,7.85,6.21,6.51,1.96,160144,1145,7385,14638,2574,7529,3038,655,5163,8060
615,California Congressional District 15,227609,4411,1.9,1434,0.6,1783,0.8,21146,9.3,23334,10.3,47877,21,53148,23.4,16735,7.4,1.81,4.45,5.79,4.67,3.57,1.77,174442,6163,9462,16601,3593,13852,1782,136,1107,471
616,California Congressional District 16,212407,23422,11,427,0.2,468,0.2,57555,27.1,63712,30,112866,53.1,115241,54.3,34133,16.1,3.01,4.71,5.61,4.75,4.38,2.84,97165,5137,16041,33238,17016,41341,2156,83,166,64
617,California Congressional District 17,200946,16238,8.1,451,0.2,448,0.2,14405,7.2,15081,7.5,42784,21.3,45785,22.8,-1833,-0.9,1.7,4.07,5.4,4.19,2.89,1.59,155127,3859,12628,17844,1394,8974,717,98,244,61
618,California Congressional District 18,239673,11512,4.8,6353,2.7,7321,3.1,29932,12.5,30872,12.9,50155,20.9,53041,22.1,18420,7.7,1.91,5.1,6.39,5.23,5.12,1.75,186614,2269,10204,18072,1475,10331,2888,753,3155,3912
619,California Congressional District 19,192377,12244,6.4,862,0.4,944,0.5,18557,9.6,19356,10.1,43005,22.4,45364,23.6,6313,3.3,1.8,4.4,5.77,4.52,3.45,1.69,146980,2915,11274,15284,1844,11200,1673,282,538,387
620,California Congressional District 20,219870,12662,5.8,3548,1.6,3728,1.7,20324,9.2,21200,9.6,30679,14,32241,14.7,7662,3.5,1.65,5.45,6.6,5.59,4.43,1.48,187583,1756,4669,6285,2347,9693,2810,494,2510,1723
621,California Congressional District 21,222708,20228,9.1,154,0.1,193,0.1,13380,6,14249,6.4,32036,14.4,33863,15.2,-6848,-3.1,1.47,4.11,5.47,4.16,2.43,1.38,188842,3301,10751,8738,3453,6019,1272,79,213,40
622,California Congressional District 22,248517,19933,8,824,0.3,845,0.3,39799,16,42653,17.2,76300,30.7,79267,31.9,19866,8,2.08,4.37,5.49,4.44,3.18,1.98,169243,6801,19107,19459,11031,18390,3954,157,325,50
623,California Congressional District 23,400716,25293,6.3,2997,0.7,3263,0.8,30524,7.6,32045,8,66201,16.5,67683,16.9,5231,1.3,1.6,4.53,5.88,4.57,2.38,1.54,332991,3428,17549,21727,5238,12658,3459,462,1808,1396
624,California Congressional District 24,275007,14074,5.1,13336,4.8,13799,5,32140,11.7,32418,11.8,39963,14.5,41280,15,18066,6.6,1.83,6.51,7.5,6.61,4.97,1.66,233714,2813,4205,3849,2232,7286,6247,1901,6134,6626
625,California Congressional District 25,291311,16065,5.5,3410,1.2,3617,1.2,28403,9.8,29421,10.1,42479,14.6,43647,15,12338,4.2,1.65,5.31,6.37,5.39,3.54,1.54,247632,1812,8127,7206,4201,12267,5202,782,2787,1295
626,California Congressional District 26,219971,8804,4,5595,2.5,5827,2.6,26442,12,26365,12,35874,16.3,36345,16.5,17638,8,1.82,5.95,6.89,6,4.76,1.7,183624,778,5053,4819,1632,12361,4447,842,4020,2395
627,California Congressional District 27,200317,37,0,1899,0.9,1947,1,19911,9.9,20308,10.1,31769,15.9,32298,16.1,19874,9.9,1.64,4.96,5.88,5,5.62,1.64,168009,809,5803,10879,1555,8514,2297,343,1038,1070
628,California Congressional District 28,175374,977,0.6,4019,2.3,4138,2.4,20503,11.7,20811,11.9,28370,16.2,28839,16.4,19526,11.1,1.8,5.84,6.78,5.9,5.75,1.77,146525,517,4148,4526,1500,9578,3167,702,2921,1790
629,California Congressional District 29,128047,339,0.3,983,0.8,1167,0.9,26529,20.7,27300,21.3,39509,30.9,40439,31.6,26190,20.5,2.24,4.92,5.77,4.99,3.2,2.24,87599,1757,7605,8220,4800,13124,3531,406,830,175
630,California Congressional District 30,202690,324,0.2,1867,0.9,2164,1.1,24416,12,25354,12.5,39854,19.7,40994,20.2,24092,11.9,1.82,5.07,6.2,5.15,4.39,1.82,161680,1693,8407,7571,3495,13406,3416,500,2205,317
631,California Congressional District 31,208942,3504,1.7,3525,1.7,3545,1.7,25233,12.1,25510,12.2,37125,17.8,37506,18,21729,10.4,1.8,5.46,6.47,5.5,3.31,1.78,171416,927,6622,5835,2633,12920,4180,699,2657,1053
632,California Congressional District 32,168422,80,0,358,0.2,364,0.2,21410,12.7,22000,13.1,42083,25,43237,25.7,21330,12.7,1.88,4.44,5.46,4.5,2.79,1.88,125133,2017,9184,17836,1047,10188,2014,262,592,149
633,California Congressional District 33,228083,1733,0.8,5268,2.3,5347,2.3,18486,8.1,18866,8.3,26697,11.7,27371,12,16753,7.3,1.56,5.69,6.74,5.77,6.08,1.53,200701,762,4165,8085,690,5455,1759,340,2896,3230
634,California Congressional District 34,105955,746,0.7,391,0.4,407,0.4,7825,7.4,7940,7.5,12549,11.8,12797,12.1,7079,6.7,1.45,4.69,5.47,4.74,3.26,1.43,93152,257,2627,5101,210,3385,615,98,308,202
635,California Congressional District 35,184829,1309,0.7,50,0,54,0,11614,6.3,11794,6.4,23579,12.8,23935,12.9,10305,5.6,1.44,4.37,5.42,4.4,1.93,1.43,160858,860,6448,8202,1497,5816,953,45,145,5
636,California Congressional District 36,387631,20176,5.2,2564,0.7,2699,0.7,52813,13.6,53344,13.8,91407,23.6,92200,23.8,32637,8.4,1.91,4.8,5.88,4.82,2.77,1.86,295341,1545,23494,23950,3546,29699,6253,793,2226,784
637,California Congressional District 37,150300,2572,1.7,358,0.2,374,0.2,14619,9.7,15049,10,31214,20.8,31685,21.1,12047,8,1.73,4.47,5.49,4.5,4.01,1.69,118610,892,6584,13437,1404,7394,1269,357,348,5
638,California Congressional District 38,174353,303,0.2,52,0,51,0,10507,6,11189,6.4,41207,23.6,42449,24.3,10204,5.9,1.63,3.58,4.46,3.62,4.24,1.62,131892,2517,22226,13061,40,4539,26,0,17,35
639,California Congressional District 39,206881,1142,0.6,161,0.1,161,0.1,9073,4.4,9151,4.4,24883,12,25380,12.3,7931,3.8,1.36,3.94,4.81,3.97,2.57,1.35,181470,1098,8895,11185,230,3367,279,62,256,39
640,California Congressional District 40,108671,81,0.1,2,0,1,0,5825,5.4,6099,5.6,18773,17.3,19599,18,5744,5.3,1.48,3.65,4.68,3.7,4.17,1.48,89065,1678,8084,7477,172,2179,13,2,0,1
641,California Congressional District 41,200645,1940,1,1508,0.8,1607,0.8,14508,7.2,14760,7.4,22772,11.3,23054,11.5,12568,6.3,1.48,5.14,6.19,5.18,3.37,1.46,177575,667,4688,4026,1582,7876,2803,564,787,77
642,California Congressional District 42,293278,6076,2.1,3761,1.3,4106,1.4,30005,10.2,30145,10.3,42338,14.4,42700,14.6,23929,8.2,1.69,5.72,6.72,5.75,3.36,1.65,250567,900,7097,5043,2649,13270,7432,1270,4318,732
643,California Congressional District 43,151473,88,0.1,27,0,29,0,9655,6.4,10053,6.6,17834,11.8,18226,12,9567,6.3,1.39,4.24,4.76,4.29,4.27,1.39,133238,544,3444,9794,28,4386,32,1,3,3
644,California Congressional District 44,140557,349,0.2,31,0,35,0,6437,4.6,7100,5.1,25323,18,26969,19.2,6088,4.3,1.5,3.61,4.32,3.71,3.3,1.5,113583,2570,10199,11853,131,2161,12,5,7,36
645,California Congressional District 45,248384,1201,0.5,1092,0.4,1093,0.4,11869,4.8,12075,4.9,24042,9.7,24199,9.7,10668,4.3,1.34,4.52,5.44,4.53,4.93,1.33,224169,259,5667,10929,756,4913,486,68,428,709
646,California Congressional District 46,125335,3573,2.9,129,0.1,129,0.1,4415,3.5,4487,3.6,23112,18.4,23788,19,842,0.7,1.54,3.86,5.49,3.91,1.5,1.54,101539,1279,8932,9630,499,3011,296,8,98,43
647,California Congressional District 47,172513,7470,4.3,709,0.4,1391,0.8,9835,5.7,11899,6.9,45264,26.2,49070,28.4,2365,1.4,1.78,3.75,5.12,3.92,4.38,1.66,123419,4167,20451,17781,452,4543,693,275,641,91
648,California Congressional District 48,220556,16002,7.3,3464,1.6,5146,2.3,12570,5.7,13688,6.2,34573,15.7,49247,22.3,-3432,-1.6,1.81,4.64,6.57,5.2,3.54,1.68,171290,8278,11856,13914,841,4895,1135,366,3517,4464
649,California Congressional District 49,281068,12184,4.3,491,0.2,858,0.3,7493,2.7,9197,3.3,12411,4.4,13871,4.9,-4691,-1.7,1.2,5.12,5.99,5.27,2.18,1.16,267190,286,2618,2991,532,5882,766,135,430,238
650,California Congressional District 50,257556,8487,3.3,2920,1.1,3047,1.2,22737,8.8,22841,8.9,33167,12.9,33263,12.9,14250,5.5,1.59,5.56,6.52,5.57,3.48,1.53,224254,293,5670,5378,2185,11421,4319,613,2734,689
651,California Congressional District 51,198591,6866,3.5,413,0.2,461,0.2,4918,2.5,5336,2.7,12584,6.3,13438,6.8,-1948,-1,1.24,4.52,6.36,4.66,2.1,1.21,185065,750,4681,2491,754,3557,656,78,467,92
652,California Congressional District 52,245075,2780,1.1,745,0.3,1348,0.6,4766,1.9,8274,3.4,8567,3.5,12005,4.9,1986,0.8,1.21,5.35,6.78,5.84,4.77,1.17,233064,631,1877,1598,1488,3798,1396,155,936,132
653,California Congressional District 53,209469,1268,0.6,69,0,76,0,5220,2.5,5337,2.5,9249,4.4,9326,4.5,3952,1.9,1.17,4.9,5.81,4.93,3.29,1.16,200140,106,2017,2340,238,3905,497,27,183,16
801,Colorado Congressional District 1,231462,1926,0.8,162,0.1,246,0.1,6576,2.8,6894,3,12605,5.4,13222,5.7,4650,2,1.22,4.78,6.13,4.91,4.35,1.19,218216,670,2948,2864,1014,4366,994,95,258,37
802,Colorado Congressional District 2,383700,8566,2.2,12026,3.1,12326,3.2,34626,9,35618,9.3,47695,12.4,48664,12.7,26060,6.8,1.69,6.41,7.58,6.5,5.85,1.59,334952,1153,6161,5966,2866,11700,5449,1224,6699,7530
803,Colorado Congressional District 3,379778,7901,2.1,7802,2.1,8074,2.1,34406,9.1,35274,9.3,46940,12.4,47983,12.6,26505,7,1.64,6.03,7.07,6.13,4.84,1.57,331551,1837,5902,6542,3482,12523,6661,1378,5958,3944
804,Colorado Congressional District 4,390413,12465,3.2,3926,1,3927,1,25245,6.5,25529,6.5,39716,10.2,40113,10.3,12780,3.3,1.45,5.38,6.54,5.42,3.2,1.39,350165,811,7889,7129,3364,11559,4812,690,2589,1405
805,Colorado Congressional District 5,357304,6602,1.8,6323,1.8,6463,1.8,27300,7.6,27252,7.6,37735,10.6,37763,10.6,20698,5.8,1.54,6.14,7.15,6.16,4.63,1.49,319381,340,5515,4652,2044,10853,5478,1153,4982,2906
806,Colorado Congressional District 6,280038,1389,0.5,230,0.1,238,0.1,5245,1.9,5492,2,9987,3.6,10234,3.7,3856,1.4,1.14,4.93,6.31,5,3.98,1.13,269784,304,2595,1836,789,3263,925,125,372,45
807,Colorado Congressional District 7,273542,4149,1.5,569,0.2,614,0.2,8052,2.9,8626,3.2,14518,5.3,15162,5.5,3903,1.4,1.22,5.05,6.42,5.18,3.68,1.19,258343,715,3148,2778,1187,4977,1297,201,685,211
901,Connecticut Congressional District 1,180418,4975,2.8,3847,2.1,4268,2.4,18306,10.1,19636,10.9,25952,14.4,27198,15.1,13331,7.4,1.74,5.88,7,6.04,6.41,1.6,153211,1341,3055,3752,1860,8497,3420,611,2809,1862
902,Connecticut Congressional District 2,279010,18213,6.5,13689,4.9,14881,5.3,28440,10.2,30805,11,35590,12.8,43854,15.7,10227,3.7,1.84,6.36,7.88,7.21,5.79,1.57,235126,1522,6916,5320,2734,7772,4757,1071,6223,7569
903,Connecticut Congressional District 3,210070,15190,7.2,6345,3,7789,3.7,22746,10.8,26564,12.6,31047,14.8,37135,17.7,7556,3.6,1.87,5.95,7.33,6.52,6.33,1.53,172917,1463,5585,4389,3114,10155,3874,753,4195,3625
904,Connecticut Congressional District 4,198005,15109,7.6,8234,4.2,9650,4.9,27846,14.1,30322,15.3,36737,18.6,41713,21.1,12737,6.4,2.06,6.04,7.27,6.45,6.63,1.69,156253,2280,4878,4712,2933,12025,4755,968,5559,3642
905,Connecticut Congressional District 5,193331,5891,3,7484,3.9,8078,4.2,19501,10.1,20321,10.5,24917,12.9,25699,13.3,13610,7,1.76,6.72,7.67,6.86,6.14,1.62,167608,829,1616,2823,1258,6730,3659,699,3987,4122
1000,Delaware Congressional District (at Large),423042,28668,6.8,16706,3.9,21045,5,43168,10.2,51662,12.2,58537,13.8,71214,16.8,14500,3.4,1.84,5.99,7.52,6.67,7.41,1.44,351795,4960,10471,7312,7595,16487,5172,1072,7227,10951
1198,District of Columbia Delegate District (at Large),136756,1356,1,402,0.3,469,0.3,7380,5.4,8025,5.9,11768,8.6,12618,9.2,6024,4.4,1.38,5.13,6.25,5.31,4.85,1.35,124132,821,1955,2052,835,5262,984,137,500,78
1201,Florida Congressional District 1,426038,44754,10.5,10093,2.4,21128,5,63925,15,73132,17.2,89680,21,111544,26.2,19171,4.5,2.13,5.33,6.86,6,5.81,1.7,314480,16126,13695,12526,9593,31759,9742,2969,10873,4275
1202,Florida Congressional District 2,547010,104883,19.2,25555,4.7,34776,6.4,112468,20.6,129925,23.8,152724,27.9,173030,31.6,7585,1.4,2.55,5.91,7.11,6.32,5.29,1.9,373920,13883,14979,16848,18365,56395,16466,3268,18334,14552
1203,Florida Congressional District 3,392301,36218,9.2,8254,2.1,10004,2.6,37284,9.5,44622,11.4,52120,13.3,59597,15.2,1066,0.3,1.72,5.73,7,6.16,3.62,1.53,332679,5287,5701,7166,6320,15761,8192,1737,6601,2857
1204,Florida Congressional District 4,351922,37356,10.6,10288,2.9,24195,6.9,57170,16.2,84033,23.9,100108,28.4,119058,33.8,19814,5.6,2.46,5.32,6.9,5.79,5.7,2.08,232831,13397,15395,12105,18044,36661,6159,1843,10975,4512
1205,Florida Congressional District 5,313068,20893,6.7,6512,2.1,7970,2.5,31105,9.9,41528,13.3,44276,14.1,53818,17.2,10212,3.3,1.77,5.48,6.77,5.98,4.74,1.56,259216,4722,6090,7769,7853,13391,5535,1114,4956,2422
1206,Florida Congressional District 6,411688,55285,13.4,14572,3.5,21897,5.3,81754,19.9,108006,26.2,132552,32.2,177755,43.2,26469,6.4,2.79,5.15,6.85,5.86,5.22,2.42,233912,10847,40180,24279,19472,48975,11615,3313,12903,6192
1207,Florida Congressional District 7,260362,13631,5.2,563,0.2,833,0.3,15607,6,18712,7.2,23338,9,27219,10.5,1976,0.8,1.44,5.17,6.48,5.66,3.02,1.35,233125,3871,2137,3247,3465,8713,3870,567,1242,125
1208,Florida Congressional District 8,385725,52255,13.5,20592,5.3,33759,8.8,96584,25,111299,28.9,129089,33.5,150030,38.9,44329,11.5,2.84,5.74,7.04,6.25,4.02,2.66,235644,16127,15045,17386,14402,39118,14042,4987,20292,8682
1209,Florida Congressional District 9,419428,56422,13.5,7176,1.7,8816,2.1,36606,8.7,42260,10.1,52577,12.5,59629,14.2,-19816,-4.7,1.64,5.48,6.83,5.91,3.41,1.36,359781,7250,5354,7601,7028,14043,8905,1708,6919,839
1210,Florida Congressional District 10,257023,11360,4.4,842,0.3,1231,0.5,12035,4.7,14571,5.7,19447,7.6,22718,8.8,675,0.3,1.36,5.06,6.5,5.54,3.01,1.28,234299,3287,2251,3153,2958,6731,2552,434,1134,224
1211,Florida Congressional District 11,558681,50127,9,12954,2.3,21212,3.8,80565,14.4,95234,17,111191,19.9,121965,21.8,30438,5.4,2.09,5.98,7.11,6.24,5.19,1.78,436688,8157,8823,11395,13866,42164,12930,2406,13135,9117
1212,Florida Congressional District 12,356405,82994,23.3,9691,2.7,23105,6.5,63084,17.7,73732,20.7,102317,28.7,119274,33.5,-19910,-5.6,2.53,5.56,7.25,5.97,5.23,1.71,237118,15210,10152,16452,11840,36119,6041,1368,13440,8665
1213,Florida Congressional District 13,230186,65077,28.3,21084,9.2,42768,18.6,76209,33.1,81563,35.4,102166,44.4,125076,54.3,11132,4.8,3.71,5.99,7.84,6.37,7.84,2.09,105093,20321,11516,12143,7477,29877,2302,363,20736,20358
1214,Florida Congressional District 14,260095,44099,17,4099,1.6,7671,2.9,71352,27.4,84551,32.5,95461,36.7,113375,43.6,27253,10.5,2.93,5.42,6.33,5.75,5.78,2.34,146714,4346,15452,9837,11527,61724,2668,291,4498,3038
1215,Florida Congressional District 15,307646,31849,10.4,2690,0.9,3547,1.2,24118,7.8,30838,10,39929,13,47951,15.6,-7731,-2.5,1.64,5.1,6.52,5.56,3.82,1.39,259679,4092,7808,7062,6533,12972,5288,973,2936,303
1216,Florida Congressional District 16,341048,68056,20,20553,6,40468,11.9,75963,22.3,88143,25.8,104436,30.6,135060,39.6,7907,2.3,2.79,5.52,7.42,6.25,6.87,1.77,205962,27911,13807,10312,9435,32905,8090,1737,16444,14445
1217,Florida Congressional District 17,664794,170105,25.6,53473,8,98958,14.9,262074,39.4,304500,45.8,326100,49.1,357910,53.8,91969,13.8,3.93,6.45,7.36,6.65,7.1,2.85,306852,15277,25771,21207,36929,125724,29800,7087,49540,46607
1218,Florida Congressional District 18,341669,19308,5.7,13007,3.8,19805,5.8,83615,24.5,97913,28.7,121158,35.5,151160,44.2,64307,18.8,2.84,5.17,6.62,5.71,6.54,2.62,190495,14100,27986,22449,15665,37605,14419,2720,9976,6254
1219,Florida Congressional District 19,446271,183712,41.2,34485,7.7,119468,26.8,239736,53.7,271996,60.9,311734,69.9,357505,80.1,56024,12.6,5.24,6.3,7.57,6.58,7.38,3.75,88760,24920,35659,23008,30925,105610,19649,8333,84602,24805
1220,Florida Congressional District 20,199266,31317,15.7,2228,1.1,10777,5.4,42149,21.2,49995,25.1,76203,38.2,102490,51.4,10832,5.4,2.63,4.16,5.92,4.72,3.72,2.42,96761,26295,16983,20624,8357,20876,5209,600,3132,429
1221,Florida Congressional District 21,232204,12479,5.4,5623,2.4,8696,3.7,59257,25.5,66122,28.5,94460,40.7,107649,46.4,46778,20.1,2.72,4.7,5.94,5.04,6.69,2.49,124439,13892,17059,28636,7326,28449,3945,1027,4882,2549
1222,Florida Congressional District 22,219377,47848,21.8,18515,8.4,45233,20.6,83551,38.1,93121,42.4,115554,52.7,125698,57.3,35703,16.3,3.82,5.91,7.21,6.11,6.13,3.17,93652,12158,12008,17896,9857,30181,9442,1902,22809,9472
1223,Florida Congressional District 23,196682,40259,20.5,12567,6.4,20920,10.6,48910,24.9,54559,27.7,73130,37.2,91131,46.3,8651,4.4,2.9,5.1,7.04,5.53,5.43,2.25,105531,20585,11494,13784,6421,17290,2678,541,8196,10162
1224,Florida Congressional District 24,159681,58006,36.3,6471,4.1,13308,8.3,47880,30,61463,38.5,82013,51.4,94212,59,-10126,-6.3,3.45,5.14,6.73,5.43,4.82,2.66,65467,10993,12082,16331,12330,28315,1524,578,6300,5761
1225,Florida Congressional District 25,248407,148210,59.7,10903,4.4,13695,5.5,79657,32.1,94613,38.1,118866,47.9,140999,56.8,-68553,-27.6,3.12,4.74,5.93,5.11,3.64,2.36,107398,22132,17040,31608,14313,35151,10863,2510,5917,1475
1226,Florida Congressional District 26,268212,171817,64.1,54724,20.4,58306,21.7,130234,48.6,148613,55.4,169014,63,181590,67.7,-41583,-15.5,4.68,6.44,7.59,6.61,5.73,2.82,86611,15514,12174,21125,14353,46274,13178,1269,11536,46178
1227,Florida Congressional District 27,147477,51890,35.2,12682,8.6,16940,11.5,57749,39.2,68804,46.7,84308,57.2,97466,66.1,5859,4,3.97,5.5,6.91,5.83,6.27,2.73,50003,10157,12212,12974,11082,29768,4656,644,4499,11482
1301,Georgia Congressional District 1,353624,52088,14.7,16163,4.6,30913,8.7,90268,25.5,110743,31.3,130632,36.9,148789,42.1,38180,10.8,2.92,5.56,6.8,5.94,6.2,2.35,204833,16132,14364,15112,17643,53223,7485,2044,13051,9737
1302,Georgia Congressional District 2,338490,17132,5.1,9195,2.7,10092,3,33057,9.8,34991,10.3,43812,12.9,46636,13.8,15925,4.7,1.71,6.15,7.28,6.37,5.14,1.53,291845,2992,4491,4886,3247,11488,7721,1531,6632,3657
1303,Georgia Congressional District 3,334827,6360,1.9,7554,2.3,8229,2.5,19097,5.7,20008,6,23038,6.9,23954,7.2,12737,3.8,1.42,6.88,7.73,7.07,5.11,1.35,310852,992,1442,1731,1404,4554,4463,1365,4995,3029
1304,Georgia Congressional District 4,252865,4195,1.7,3426,1.4,3996,1.6,14232,5.6,15123,6,17743,7,18592,7.4,10037,4,1.41,6.53,7.43,6.74,5.72,1.33,234255,895,1298,1348,1028,4331,3899,1152,3793,866
1305,Georgia Congressional District 5,227045,4496,2,2628,1.2,3314,1.5,17673,7.8,18716,8.2,22196,9.8,23219,10.2,13177,5.8,1.55,6.35,7.19,6.55,6.21,1.45,203803,1077,1440,1902,1141,7318,4382,1113,4392,477
1306,Georgia Congressional District 6,225958,3807,1.7,3190,1.4,3900,1.7,16401,7.3,17729,7.8,20951,9.3,22062,9.8,12594,5.6,1.53,6.39,7.31,6.62,6.02,1.45,203861,1174,1398,1715,1308,6237,4131,1054,4340,740
1307,Georgia Congressional District 7,261368,3351,1.3,3304,1.3,4046,1.5,15903,6.1,16819,6.4,19624,7.5,20628,7.9,12552,4.8,1.43,6.47,7.34,6.7,4.18,1.4,240714,1064,1242,1640,1250,4692,4658,1348,4158,602
1308,Georgia Congressional District 8,349531,12226,3.5,7569,2.2,8305,2.4,21500,6.2,22643,6.5,26143,7.5,27406,7.8,9274,2.7,1.44,6.6,7.49,6.81,4.92,1.31,322118,1332,1900,2215,2097,5521,5262,1056,5363,2667
1309,Georgia Congressional District 9,441983,9265,2.1,21987,5,23171,5.2,35214,8,36252,8.2,40587,9.2,41634,9.4,25949,5.9,1.64,7.74,8.49,7.88,7.14,1.52,400286,1171,1982,2238,1365,6387,4554,1387,8917,13696
1310,Georgia Congressional District 10,373179,8505,2.3,10293,2.8,11292,3,23671,6.3,24628,6.6,28810,7.7,29792,8,15166,4.1,1.47,6.94,7.81,7.1,5.31,1.38,343371,1156,1937,2382,1656,5540,4978,1314,6234,4611
1311,Georgia Congressional District 11,273144,4048,1.5,5773,2.1,6534,2.4,20207,7.4,21448,7.9,24868,9.1,25976,9.5,16159,5.9,1.53,6.61,7.46,6.81,5.39,1.48,247125,1182,1500,2058,1643,6309,4848,1408,5173,1898
1312,Georgia Congressional District 12,350613,13054,3.7,8071,2.3,8914,2.5,26149,7.5,27800,7.9,33549,9.6,35317,10.1,13095,3.7,1.54,6.32,7.31,6.54,5.35,1.39,315276,1888,2656,4255,2358,8105,5971,1273,6216,2615
1313,Georgia Congressional District 13,280459,4810,1.7,3583,1.3,4343,1.5,17224,6.1,18266,6.5,21501,7.7,22551,8,12414,4.4,1.44,6.41,7.28,6.63,5.01,1.37,257890,1121,1532,1747,1431,5469,4915,1433,4242,679
1314,Georgia Congressional District 14,331505,11729,3.5,12900,3.9,13760,4.2,32056,9.7,33256,10,40030,12.1,41051,12.4,20327,6.1,1.72,6.78,7.68,6.91,5.17,1.59,290384,1218,3210,3613,2293,8336,7080,1957,8443,4971
1601,Idaho Congressional District 1,514935,21553,4.2,26671,5.2,28285,5.5,81631,15.9,86419,16.8,115584,22.4,120810,23.5,60078,11.7,2.19,6.07,7.26,6.23,5.61,2.04,394007,6009,11092,19936,8411,35242,10713,1552,11516,16457
1602,Idaho Congressional District 2,489536,16102,3.3,13304,2.7,15110,3.1,72907,14.9,79792,16.3,122450,25,130194,26.6,56805,11.6,2.14,5.29,6.66,5.47,4.98,2.05,359263,9673,17450,27866,11921,34937,12089,1478,8239,6620
1701,Illinois Congressional District 1,238081,4028,1.7,364,0.2,364,0.2,22666,9.5,24519,10.3,39396,16.5,41954,17.6,18638,7.8,1.65,4.7,5.79,4.82,4.06,1.61,196124,2683,7121,11754,3141,14358,2129,203,449,119
1702,Illinois Congressional District 2,290848,11474,3.9,3689,1.3,3765,1.3,31531,10.8,33078,11.4,57707,19.8,59108,20.3,20057,6.9,1.82,5.01,6.29,5.08,4.27,1.71,231734,1960,11202,14917,4535,18553,3739,561,2098,1549
1703,Illinois Congressional District 3,234917,3258,1.4,6160,2.6,6080,2.6,31330,13.3,33383,14.2,52722,22.4,53818,22.9,28072,11.9,1.97,5.24,6.47,5.28,5.31,1.92,181097,1656,9524,10979,4662,18315,3294,426,3286,1678
1704,Illinois Congressional District 4,146352,1895,1.3,3095,2.1,3212,2.2,26049,17.8,28239,19.3,50862,34.8,52495,35.9,24154,16.5,2.36,4.79,6.1,4.82,5.2,2.32,93857,2421,11656,10792,6122,17334,1483,1205,1106,376
1705,Illinois Congressional District 5,175386,2252,1.3,4443,2.5,4500,2.6,20379,11.6,21216,12.1,35571,20.3,36705,20.9,18127,10.3,1.87,5.15,6.44,5.22,4.13,1.84,138679,1425,6933,7381,3097,11449,2757,894,2391,380
1706,Illinois Congressional District 6,249599,6742,2.7,3239,1.3,3314,1.3,20858,8.4,21894,8.8,31084,12.5,31963,12.8,14116,5.7,1.59,5.63,6.73,5.73,5.71,1.48,217606,943,4424,4874,2170,12165,3262,478,1709,1968
1707,Illinois Congressional District 7,166308,1919,1.2,1263,0.8,1268,0.8,15186,9.1,16382,9.9,44478,26.7,46153,27.8,13267,8,1.94,4.38,6.19,4.44,4.84,1.9,120155,2246,13359,14174,2688,11199,1344,115,435,593
1708,Illinois Congressional District 8,187508,2944,1.6,1172,0.6,1190,0.6,11619,6.2,12415,6.6,20701,11,21441,11.4,8675,4.6,1.47,5.1,6.42,5.21,5.37,1.41,165995,885,3949,4329,1519,7763,1662,236,634,536
1709,Illinois Congressional District 9,177992,2327,1.3,1943,1.1,2094,1.2,16454,9.2,17462,9.8,33321,18.7,34462,19.4,14127,7.9,1.71,4.64,5.94,4.72,5.6,1.65,143520,1505,8256,9062,3112,9502,1884,395,545,211
1710,Illinois Congressional District 10,221392,9972,4.5,1455,0.7,1496,0.7,11921,5.4,12515,5.7,20510,9.3,21182,9.6,1949,0.9,1.4,5.15,6.41,5.24,4.26,1.26,200171,851,3917,4227,1566,6982,2041,293,945,399
1711,Illinois Congressional District 11,222504,6415,2.9,2534,1.1,2725,1.2,15361,6.9,15951,7.2,24457,11,25048,11.3,8946,4,1.52,5.59,6.9,5.67,6.05,1.38,197443,694,4211,4268,1486,8122,2467,390,1678,1745
1712,Illinois Congressional District 12,442920,36467,8.2,13292,3,14045,3.2,47129,10.6,49110,11.1,67429,15.2,69747,15.7,10662,2.4,1.72,5.59,6.78,5.7,3.94,1.52,373148,6628,8975,14841,2261,15448,6256,1395,8146,5822
1713,Illinois Congressional District 13,354040,7500,2.1,7925,2.2,8193,2.3,23725,6.7,24542,6.9,32775,9.3,33551,9.5,16225,4.6,1.49,6.18,7.3,6.27,5.53,1.41,320476,886,4685,3735,2387,8742,4368,742,4468,3551
1714,Illinois Congressional District 14,328520,14562,4.4,4388,1.3,4506,1.4,23176,7.1,23797,7.2,34379,10.5,35030,10.7,8614,2.6,1.51,5.74,6.87,5.81,4.59,1.36,293470,735,5461,5197,2078,10675,5444,878,2873,1709
1715,Illinois Congressional District 15,516571,34963,6.8,24466,4.7,25412,4.9,56465,10.9,57703,11.2,69782,13.5,71056,13.8,21502,4.2,1.8,6.8,7.63,6.87,5.41,1.53,445502,1479,5756,6444,4064,16193,11367,1969,13848,9949
1716,Illinois Congressional District 16,394947,19815,5,11560,2.9,11829,3,38875,9.8,39834,10.1,55725,14.1,56779,14.4,19060,4.8,1.73,6.07,7.24,6.14,5.26,1.54,338146,1254,7676,8228,3603,14745,7923,1293,6561,5518
1717,Illinois Congressional District 17,393279,18752,4.8,11643,3,11870,3,36578,9.3,37131,9.4,53305,13.6,53705,13.7,17826,4.5,1.69,6.03,7.18,6.06,5.74,1.48,339507,777,8144,9177,2293,14670,5717,957,6098,5939
1718,Illinois Congressional District 18,422575,18074,4.3,12933,3.1,13138,3.1,32902,7.8,33292,7.9,43327,10.3,43706,10.3,14828,3.5,1.57,6.46,7.44,6.49,4.82,1.42,378824,595,5761,5161,2437,9917,5905,1217,6931,5827
1801,Indiana Congressional District 1,350625,12949,3.7,2520,0.7,2752,0.8,31721,9,34283,9.8,60893,17.4,63147,18,18772,5.4,1.7,4.91,6.3,5.02,3.87,1.62,287442,2675,14165,13889,4719,18748,5167,740,2213,867
1802,Indiana Congressional District 2,389040,13249,3.4,10358,2.7,10602,2.7,41045,10.6,42601,11,59147,15.2,60622,15.6,27796,7.1,1.79,6.03,7.21,6.13,5.4,1.66,328327,1864,7182,9854,4038,15490,8149,1552,6762,5822
1803,Indiana Congressional District 3,406093,19162,4.7,6425,1.6,6686,1.6,29485,7.3,30521,7.5,47188,11.6,48160,11.9,10323,2.5,1.55,5.63,6.83,5.7,4.33,1.41,357910,1225,6937,9161,3154,14206,6192,1017,4201,2090
1804,Indiana Congressional District 4,416270,15181,3.6,17012,4.1,17394,4.2,41720,10,43038,10.3,54807,13.2,56287,13.5,26539,6.4,1.76,6.58,7.66,6.68,6.26,1.58,359958,1617,5910,6389,3562,12483,7363,1268,7485,10235
1805,Indiana Congressional District 5,363091,14753,4.1,5497,1.5,5678,1.6,22772,6.3,23896,6.6,38152,10.5,39436,10.9,8019,2.2,1.49,5.52,6.96,5.63,5.37,1.33,323644,1458,7144,6920,2763,10797,4179,611,2920,2655
1806,Indiana Congressional District 6,418182,21262,5.1,14340,3.4,14877,3.6,33743,8.1,35158,8.4,47791,11.4,49054,11.7,12481,3,1.63,6.37,7.62,6.47,5.33,1.43,369106,1461,6032,6644,2887,10903,5769,1122,6952,7306
1807,Indiana Congressional District 7,272954,10543,3.9,1746,0.6,1816,0.7,14384,5.3,14975,5.5,27447,10.1,28056,10.3,3841,1.4,1.42,5.07,6.35,5.14,3.36,1.34,244873,740,5277,7090,1588,9331,2080,310,804,861
1808,Indiana Congressional District 8,486108,36374,7.5,19800,4.1,20653,4.2,54442,11.2,56525,11.6,73989,15.2,75955,15.6,18068,3.7,1.82,6.22,7.32,6.3,5.32,1.53,410117,3134,9119,11120,3707,17600,9502,1880,10693,9236
1809,Indiana Congressional District 9,405280,22274,5.5,15752,3.9,16204,4,36458,9,37532,9.3,46082,11.4,47051,11.6,14184,3.5,1.66,6.69,7.63,6.78,5.18,1.46,358174,1524,4183,5217,2195,10660,6434,1245,7760,7888
1901,Iowa Congressional District 1,533489,37002,6.9,29572,5.5,29865,5.6,70278,13.2,70753,13.3,93845,17.6,94361,17.7,33276,6.2,1.99,6.58,7.59,6.61,6.24,1.64,439034,961,10240,13297,3829,21626,12768,2348,14806,14580
1902,Iowa Congressional District 2,571785,38769,6.8,32064,5.6,32460,5.7,70871,12.4,70993,12.4,91961,16.1,92246,16.1,32102,5.6,1.93,6.79,7.74,6.8,6.72,1.5,479442,658,10667,9613,3277,20399,13183,2455,16501,15590
1903,Iowa Congressional District 3,538765,31025,5.8,20818,3.9,20876,3.9,62283,11.6,62123,11.5,85078,15.8,84996,15.8,31258,5.8,1.83,6.24,7.24,6.25,6,1.57,453441,2644,9462,11966,3536,23379,12052,1957,10792,9536
1904,Iowa Congressional District 4,778997,44538,5.7,40395,5.2,40156,5.2,110402,14.2,109921,14.1,140093,18,139679,17.9,65864,8.5,2,6.55,7.36,6.56,5.76,1.67,638711,1055,13944,15157,7886,34591,25827,3756,24046,14024
2001,Kansas Congressional District 1,525508,30746,5.9,18227,3.5,18242,3.5,55738,10.6,55491,10.6,80460,15.3,80414,15.3,24992,4.8,1.75,5.89,7.05,5.91,3.99,1.17,444433,3159,12150,13563,5174,17505,10790,2087,9708,6939
2002,Kansas Congressional District 2,411284,26593,6.5,11499,2.8,11684,2.8,32278,7.8,32815,8,44687,10.9,45205,11,5685,1.4,1.57,6.22,7.34,6.26,4.87,1.33,366060,772,7248,5639,2067,10987,5899,1191,5949,5472
2003,Kansas Congressional District 3,319428,4641,1.5,3157,1,3199,1,20776,6.5,21032,6.6,29243,9.2,29500,9.2,16135,5.1,1.45,5.86,6.86,5.9,5.36,1.39,289909,346,4868,3416,1378,9982,4348,879,3114,1188
2004,Kansas Congressional District 4,383057,16520,4.3,6339,1.7,6451,1.7,29193,7.6,29832,7.8,47022,12.3,47945,12.5,12673,3.3,1.52,5.15,6.4,5.2,4,1.31,335097,4325,7490,12462,2361,9989,4408,848,3928,2149
2101,Kentucky Congressional District 1,458518,23272,5.1,20564,4.5,21471,4.7,43426,9.5,44515,9.7,53530,11.7,55192,12,20154,4.4,1.71,6.89,7.81,7.02,5.18,1.52,403284,1944,4062,5106,2668,10832,8361,2078,11209,8974
2102,Kentucky Congressional District 2,349699,16792,4.8,12012,3.4,12626,3.6,28139,8,29408,8.4,36885,10.5,38111,10.9,11347,3.2,1.62,6.67,7.75,6.81,3.94,1.5,311558,1422,3185,4192,2108,8562,4936,1225,6298,6213
2103,Kentucky Congressional District 3,276231,9789,3.5,1391,0.5,1640,0.6,20675,7.5,22476,8.1,32491,11.8,34112,12.3,10886,3.9,1.47,4.77,5.84,4.89,3.88,1.38,242099,4455,4484,9714,1421,8882,2706,511,1563,396
2104,Kentucky Congressional District 4,290171,11893,4.1,14125,4.9,15039,5.2,33247,11.5,34241,11.8,42741,14.7,43667,15,21354,7.4,1.87,6.75,7.72,6.85,7.05,1.65,246456,1238,4032,4246,1807,11866,4594,1025,5979,8928
2105,Kentucky Congressional District 5,312802,26159,8.4,69199,22.1,71314,22.8,93997,30,95315,30.5,104467,33.4,105520,33.7,67838,21.7,3.49,8.38,8.96,8.45,7.69,3.11,207105,1381,4032,4646,2197,12126,7620,2017,17562,54116
2106,Kentucky Congressional District 6,299379,7795,2.6,9560,3.2,10147,3.4,25748,8.6,26645,8.9,32372,10.8,33223,11.1,17953,6,1.64,6.72,7.62,6.84,6.23,1.51,266104,955,2504,3171,1557,8746,4974,1113,5048,5207
2201,Louisiana Congressional District 1,316172,123690,39.1,19100,6,50490,16,129109,40.8,246267,77.9,251351,79.5,265526,84,5419,1.7,4.64,5.34,6.79,5.49,5.57,4.04,50643,8654,7920,144197,12242,36083,7062,1783,17722,29866
2202,Louisiana Congressional District 2,330988,76456,23.1,11084,3.3,14946,4.5,99337,30,245965,74.3,254977,77,258574,78.1,22881,6.9,3.67,4.42,5.11,4.44,4.33,3.48,72406,2762,6768,214658,1001,15961,1189,295,11872,4076
2203,Louisiana Congressional District 3,442053,128266,29,24661,5.6,74579,16.9,136315,30.8,194737,44.1,209215,47.3,253992,57.5,8049,1.8,3.84,5.94,7.19,6.42,6.05,2.93,188052,30754,19178,30699,22535,62524,23333,5696,23815,35467
2204,Louisiana Congressional District 4,416364,49092,11.8,16704,4,17460,4.2,49110,11.8,51042,12.3,67399,16.2,70446,16.9,18,0,1.84,5.95,7.14,6.09,3.88,1.56,345915,4275,10010,10343,3225,15910,8436,1729,10410,6111
2205,Louisiana Congressional District 5,414702,63883,15.4,17982,4.3,19172,4.6,62093,15,65368,15.8,83296,20.1,86814,20.9,-1790,-0.4,1.95,5.54,6.6,5.67,3.58,1.65,327868,10516,7963,19900,2057,21425,6031,1355,10981,6606
2206,Louisiana Congressional District 6,342958,117385,34.2,15911,4.6,31088,9.1,78291,22.8,95944,28,123827,36.1,136877,39.9,-39094,-11.4,2.8,5.52,6.96,5.75,4.27,2.04,206078,11108,22587,31622,7610,26657,6632,1132,10059,19473
2301,Maine Congressional District 1,333080,13870,4.2,13593,4.1,15474,4.6,28971,8.7,31602,9.5,37350,11.2,41788,12.5,15101,4.5,1.69,6.49,7.81,6.96,5.26,1.53,291251,2743,3912,4759,2808,7980,4613,1140,6915,6959
2302,Maine Congressional District 2,327952,15098,4.6,20437,6.2,22132,6.7,38834,11.8,40751,12.4,49331,15,52075,15.9,23736,7.2,1.93,6.86,7.99,7.13,5.58,1.76,275814,2365,3955,5534,2706,10138,5903,1305,9249,10983
2401,Maryland Congressional District 1,370674,31581,8.5,25680,6.9,33024,8.9,50922,13.7,61398,16.6,61709,16.6,79677,21.5,19341,5.2,2.17,6.44,7.94,7.29,7.67,1.66,290982,2370,12482,7643,7645,12654,7670,1224,17107,10897
2402,Maryland Congressional District 2,250683,5915,2.4,3531,1.4,4345,1.7,11623,4.6,13092,5.2,15344,6.1,20051,8,5708,2.3,1.38,5.71,7.28,6.66,6.99,1.24,230615,778,4409,2042,1546,4809,2164,398,2581,1341
2403,Maryland Congressional District 3,239859,2424,1,2252,0.9,2885,1.2,11151,4.6,12217,5.1,14541,6.1,17832,7.4,8727,3.6,1.35,5.68,6.96,6.4,6.53,1.29,222022,703,3326,1931,1177,5399,2123,409,1978,791
2404,Maryland Congressional District 4,218689,2961,1.4,2926,1.3,3275,1.5,12179,5.6,12921,5.9,15913,7.3,16990,7.8,9218,4.2,1.4,6.13,7.15,6.4,5.57,1.34,201683,684,1928,2182,932,4439,2551,654,2438,1198
2405,Maryland Congressional District 5,301367,7790,2.6,8445,2.8,10051,3.3,19263,6.4,24366,8.1,25046,8.3,29203,9.7,11473,3.8,1.54,6.55,7.81,7.08,6.85,1.4,272156,1051,2865,2764,2297,6647,3523,1021,5170,3873
2406,Maryland Congressional District 6,283951,4159,1.5,8688,3.1,9096,3.2,19061,6.7,19670,6.9,23358,8.2,24038,8.5,14902,5.2,1.51,7,7.9,7.13,7.14,1.43,259867,765,1652,1981,1035,5239,3412,911,4466,4623
2407,Maryland Congressional District 7,257980,1997,0.8,2139,0.8,2309,0.9,10401,4,11068,4.3,13887,5.4,14583,5.7,8404,3.3,1.29,6.08,7.07,6.23,6.74,1.24,243390,687,1284,1547,976,5202,1831,311,1579,1173
2408,Maryland Congressional District 8,225067,1572,0.7,3086,1.4,3454,1.5,10500,4.7,11008,4.9,13393,6,14012,6.2,8928,4,1.34,6.47,7.42,6.66,6.07,1.31,211042,638,1026,1268,685,3828,2385,600,2494,1101
2501,Massachusetts Congressional District 1,294066,7523,2.6,11762,4,12491,4.2,30979,10.5,32342,11,44248,15,45761,15.6,23456,8,1.81,6.23,7.45,6.36,5.92,1.71,248269,2019,4436,8280,1799,11324,4860,815,5254,7010
2502,Massachusetts Congressional District 2,262503,5017,1.9,7918,3,8530,3.2,25630,9.8,26808,10.2,34495,13.1,35695,13.6,20613,7.9,1.72,6.31,7.34,6.46,5.78,1.64,226752,1389,2860,4696,1888,10485,4944,954,4409,4126
2503,Massachusetts Congressional District 3,221492,5909,2.7,9359,4.2,10056,4.5,25472,11.5,26815,12.1,33599,15.2,35116,15.9,19563,8.8,1.87,6.47,7.54,6.66,6.63,1.74,186356,1650,2668,3962,1973,9747,4546,793,4290,5507
2504,Massachusetts Congressional District 4,236749,8980,3.8,3195,1.3,3595,1.5,19947,8.4,21248,9,28638,12.1,30166,12.7,10967,4.6,1.61,5.76,6.83,5.95,4.77,1.48,206559,1379,3001,4667,2062,9856,4646,755,2831,993
2505,Massachusetts Congressional District 5,197416,8184,4.1,4979,2.5,6830,3.5,22729,11.5,25185,12.8,33802,17.1,39512,20,14545,7.4,1.91,5.52,7.02,5.98,6.83,1.69,157861,3602,4790,6514,2546,11377,4373,628,3165,2560
2506,Massachusetts Congressional District 6,238924,16514,6.9,8350,3.5,11406,4.8,27905,11.7,30100,12.6,38003,15.9,43694,18.3,11391,4.8,1.89,5.88,7.28,6.46,6.4,1.56,195205,4504,4227,5546,2945,11323,5036,853,4606,4679
2507,Massachusetts Congressional District 7,112561,2337,2.1,660,0.6,1273,1.1,10985,9.8,14638,13,20461,18.2,30962,27.5,8648,7.7,1.97,4.53,6.33,5.03,5.3,1.9,81591,3036,8095,5708,2804,8784,1493,62,592,396
2508,Massachusetts Congressional District 8,216854,15096,7,5973,2.8,8946,4.1,23702,10.9,26359,12.2,33744,15.6,39996,18.4,8606,4,1.87,5.7,7.2,6.26,6.57,1.52,176825,3759,4753,5063,2741,11733,4045,704,4062,3169
2509,Massachusetts Congressional District 9,379122,45719,12.1,13996,3.7,23972,6.3,38168,10.1,45150,11.9,54497,14.4,71808,18.9,-7551,-2,1.85,5.5,7.56,6.54,5.08,1.41,307262,14010,7464,8246,5232,13085,6828,1337,7996,7662
2601,Michigan Congressional District 1,570654,14771,2.6,17926,3.1,18422,3.2,55170,9.7,56474,9.9,72581,12.7,73907,13,40399,7.1,1.68,6.28,7.24,6.36,3.73,1.63,496656,1808,8811,8567,5366,17099,12013,2768,10946,6620
2602,Michigan Congressional District 2,355530,6189,1.7,6508,1.8,6623,1.9,31107,8.7,31911,9,46918,13.2,47656,13.4,24918,7,1.63,5.72,6.85,5.78,5.35,1.56,307775,1047,7008,7571,3698,14018,6759,1430,3917,2307
2603,Michigan Congressional District 3,301380,6044,2,7468,2.5,7654,2.5,28353,9.4,29038,9.6,39728,13.2,40213,13.3,22309,7.4,1.68,6.12,7.08,6.18,5.38,1.59,261081,763,3967,6962,2366,11156,5741,1375,4362,3607
2604,Michigan Congressional District 4,398926,9063,2.3,9637,2.4,9927,2.5,36904,9.3,37576,9.4,50631,12.7,51332,12.9,27841,7,1.65,6.07,7.08,6.12,4.33,1.59,347566,1009,6984,6671,4234,13123,7699,1334,5690,4616
2605,Michigan Congressional District 5,319496,14037,4.4,1725,0.5,1774,0.6,17357,5.4,17725,5.5,30627,9.6,31029,9.7,3320,1,1.4,5.12,6.4,5.16,2.88,1.33,288451,580,6762,6190,2398,9981,2917,355,1094,768
2606,Michigan Congressional District 6,371925,8093,2.2,6521,1.8,6819,1.8,31720,8.5,32840,8.8,44260,11.9,45246,12.2,23627,6.4,1.6,5.92,6.94,6.01,4.62,1.53,326623,1220,5765,5821,3077,14151,6802,1348,4551,2567
2607,Michigan Congressional District 7,338868,15437,4.6,6683,2,6910,2,29353,8.7,30461,9,43781,12.9,44998,13.3,13916,4.1,1.63,5.73,6.91,5.83,3.93,1.52,293841,1480,6699,6999,3226,12564,6354,1138,3959,2608
2608,Michigan Congressional District 8,288367,7720,2.7,3463,1.2,3540,1.2,18543,6.4,19135,6.6,27959,9.7,28478,9.9,10823,3.8,1.46,5.69,6.8,5.76,4.45,1.37,259852,658,4174,4419,1700,9731,3753,646,2035,1399
2609,Michigan Congressional District 9,286183,1651,0.6,3323,1.2,3356,1.2,19851,6.9,22013,7.7,43320,15.1,45216,15.8,18200,6.4,1.59,4.74,6.26,4.83,4.06,1.58,240955,2147,10533,11944,4658,10367,2540,648,1723,668
2610,Michigan Congressional District 10,307637,14601,4.7,4102,1.3,4231,1.4,23295,7.6,24687,8,44879,14.6,45973,14.9,8694,2.8,1.63,5.2,6.61,5.28,2.72,1.58,261605,1449,8524,10407,3783,12608,4575,790,2480,1416
2611,Michigan Congressional District 11,276678,3705,1.3,1822,0.7,1857,0.7,13985,5.1,14561,5.3,23064,8.3,23944,8.7,10280,3.7,1.37,5.25,6.47,5.36,4.2,1.3,252717,989,4171,4317,1511,8634,2242,500,980,617
2612,Michigan Congressional District 12,253285,13399,5.3,2588,1,2644,1,17467,6.9,18828,7.4,31866,12.6,33210,13.1,4068,1.6,1.51,4.87,6.18,4.99,3,1.44,220057,1811,7476,7478,3809,7469,2562,515,983,1125
2613,Michigan Congressional District 13,347370,2992,0.9,2113,0.6,2170,0.6,15750,4.5,17359,5,32116,9.2,34083,9.8,12758,3.7,1.37,4.77,6.36,4.91,4.23,1.35,313280,2339,7691,7847,3328,8836,1456,321,1575,697
2614,Michigan Congressional District 14,313037,1716,0.5,414,0.1,423,0.1,19267,6.2,20451,6.5,38611,12.3,40267,12.9,17551,5.6,1.48,4.74,5.96,4.85,5.32,1.45,272723,2043,7267,10603,3649,13851,2317,218,264,102
2701,Minnesota Congressional District 1,384441,10405,2.7,13675,3.6,13781,3.6,39561,10.3,39791,10.4,57219,14.9,57495,15,29156,7.6,1.78,6.21,7.34,6.23,5.55,1.68,326863,593,7204,9648,2404,14430,8380,1474,7344,6101
2702,Minnesota Congressional District 2,269146,4319,1.6,5419,2,5452,2,23050,8.6,23338,8.7,33572,12.5,33809,12.6,18731,7,1.62,5.95,7.06,5.97,5.73,1.56,235291,395,5425,4385,1620,10820,4569,824,3093,2724
2703,Minnesota Congressional District 3,243949,4215,1.7,2399,1,2447,1,17685,7.2,17887,7.3,27365,11.2,27610,11.3,13470,5.5,1.52,5.58,6.71,5.61,3.67,1.48,216305,426,4871,4177,1370,9837,3594,580,1547,1242
2704,Minnesota Congressional District 4,217888,2475,1.1,1151,0.5,1157,0.5,12591,5.8,12796,5.9,21474,9.9,21598,9.9,10116,4.6,1.42,5.26,6.41,5.28,4.78,1.38,196255,232,4378,3729,1129,8642,2096,273,701,453
2705,Minnesota Congressional District 5,193016,1192,0.6,894,0.5,897,0.5,12659,6.6,12883,6.7,21149,11,21375,11.1,11467,5.9,1.47,5.2,6.34,5.23,4.92,1.44,171630,267,4265,3788,1212,9102,1601,136,415,600
2706,Minnesota Congressional District 6,307387,10489,3.4,5800,1.9,5932,1.9,25755,8.4,26234,8.5,37374,12.2,37798,12.3,15266,5,1.6,5.86,6.95,5.91,3.73,1.52,269562,578,5892,5365,2656,10850,5557,895,3214,2818
2707,Minnesota Congressional District 7,562673,21629,3.8,15498,2.8,15747,2.8,62666,11.1,63079,11.2,89335,15.9,89458,15.9,41037,7.3,1.78,5.83,6.88,5.88,3.79,1.7,472142,1988,13966,13555,7290,21799,14817,2481,10230,4405
2708,Minnesota Congressional District 8,767426,20267,2.6,27391,3.6,28308,3.7,82119,10.7,83848,10.9,107494,14,109407,14.3,61852,8.1,1.76,6.31,7.26,6.39,3.7,1.7,657913,2414,12640,12848,9286,23224,18396,4123,16687,9895
2801,Mississippi Congressional District 1,457137,28818,6.3,23099,5.1,24330,5.3,49470,10.8,50912,11.1,59698,13.1,61168,13.4,20652,4.5,1.79,6.92,7.73,7.02,5.15,1.57,395917,1789,4368,4715,3311,12390,10314,2203,14218,7912
2802,Mississippi Congressional District 2,463671,69492,15,22671,4.9,23966,5.2,62402,13.5,64916,14,84375,18.2,87944,19,-7090,-1.5,1.94,5.98,7.13,6.12,3.66,1.64,375681,6741,11006,13641,3324,20057,8744,2138,13842,8497
2803,Mississippi Congressional District 3,486480,36636,7.5,30495,6.3,31996,6.6,58369,12,60470,12.4,68959,14.2,70975,14.6,21733,4.5,1.9,7.14,7.92,7.28,5.09,1.64,415470,2286,4060,5106,3417,13401,10877,2517,17217,12129
2804,Mississippi Congressional District 4,475259,114154,24,40412,8.5,58058,12.2,139129,29.3,159368,33.5,165455,34.8,188516,39.7,24975,5.3,3.17,6.48,7.5,6.96,6.96,1.98,286718,15756,9945,8844,12991,69276,13886,3981,22892,30970
2901,Missouri Congressional District 1,288038,5217,1.8,1180,0.4,1378,0.5,18209,6.3,19115,6.6,25829,9,26674,9.3,12992,4.5,1.43,5.6,6.55,5.72,4.56,1.37,261347,991,3317,3479,1622,10814,3655,673,1710,430
2902,Missouri Congressional District 2,282036,5103,1.8,3014,1.1,3296,1.2,19295,6.8,20112,7.1,26072,9.2,26641,9.4,14192,5,1.48,6.03,6.93,6.13,6.14,1.39,255352,757,2683,3043,1321,9901,4105,707,2804,1363
2903,Missouri Congressional District 3,434706,25475,5.9,21552,5,22275,5.1,50145,11.5,51216,11.8,61080,14.1,61923,14.2,24670,5.7,1.85,6.96,7.72,7.03,6.15,1.58,372734,1022,4562,4889,2706,17134,7605,1769,10333,11952
2904,Missouri Congressional District 4,462241,18365,4,26247,5.7,26525,5.7,48525,10.5,48861,10.6,55793,12.1,55997,12.1,30160,6.5,1.79,7.51,8.1,7.53,6.18,1.61,406202,334,3108,3520,2119,12228,6574,1677,11395,15084
2905,Missouri Congressional District 5,341301,8211,2.4,4303,1.3,4304,1.3,21910,6.4,21964,6.4,28386,8.3,28436,8.3,13699,4,1.43,6.17,6.95,6.18,5.13,1.34,312820,381,3280,3727,1099,9160,4231,939,4038,1626
2906,Missouri Congressional District 6,446089,30620,6.9,17208,3.9,17466,3.9,44742,10,44901,10.1,56568,12.7,56731,12.7,14122,3.2,1.72,6.68,7.47,6.7,5.67,1.43,389263,557,4360,7496,2008,15417,8038,1531,9583,7836
2907,Missouri Congressional District 7,407860,13067,3.2,13290,3.3,13507,3.3,28063,6.9,28526,7,33967,8.3,34431,8.4,14996,3.7,1.51,7.06,7.85,7.12,5.58,1.38,373397,527,2773,2650,1695,7392,5032,1146,6509,6739
2908,Missouri Congressional District 8,504602,50933,10.1,31238,6.2,32115,6.4,59772,11.8,61204,12.1,74378,14.7,75922,15,8839,1.8,1.88,6.84,7.79,6.91,4.1,1.63,428603,3815,5390,10467,2515,13167,8463,2168,14341,15673
3000,Montana Congressional District (at Large),860879,29298,3.4,34951,4.1,38485,4.5,129878,15.1,135639,15.8,183676,21.3,190054,22.1,100580,11.7,2.11,6.04,7.15,6.16,4.72,2.02,670639,7599,18542,30844,12599,54422,23003,3982,20537,18712
3101,Nebraska Congressional District 1,323665,27551,8.5,9811,3,9890,3.1,36988,11.4,37338,11.5,54179,16.7,54592,16.9,9437,2.9,1.79,5.68,6.71,5.71,4.38,1.55,269022,981,8699,12017,3381,13091,6067,1191,5221,3995
3102,Nebraska Congressional District 2,242349,8101,3.3,1549,0.6,1541,0.6,13295,5.5,13314,5.5,19695,8.1,19709,8.1,5194,2.1,1.37,5.48,6.44,5.49,3.34,1.3,222593,218,3391,3031,1169,8044,2008,302,947,646
3103,Nebraska Congressional District 3,564302,37765,6.7,18791,3.3,18598,3.3,59349,10.5,58668,10.4,83881,14.9,83231,14.7,21584,3.8,1.75,6.02,7.12,6.04,3.79,1.6,479938,2157,12852,12147,5964,19041,11859,2195,10393,7756
3201,Nevada Congressional District 1,173387,171,0.1,12,0,18,0,1969,1.1,2142,1.2,10415,6,10604,6.1,1798,1,1.18,3.9,5.91,3.96,3.76,1.18,162673,488,4566,3299,464,1728,152,10,7,0
3202,Nevada Congressional District 2,357965,13681,3.8,1195,0.3,1369,0.4,31240,8.7,33367,9.3,56366,15.7,58988,16.5,17559,4.9,1.63,4.8,6.05,4.92,3.53,1.55,298839,3476,12570,13527,5251,16215,5482,537,1820,248
3203,Nevada Congressional District 3,335296,995,0.3,689,0.2,769,0.2,16517,4.9,17739,5.3,37170,11.1,38786,11.6,15522,4.6,1.42,4.6,6.1,4.71,3,1.41,296395,1781,10566,9693,2462,10609,2473,380,812,125
3204,Nevada Congressional District 4,342715,26381,7.7,1099,0.3,1170,0.3,20221,5.9,20841,6.1,45340,13.2,46319,13.5,-6160,-1.8,1.47,4.47,5.86,4.54,2.09,1.42,296105,1896,13452,13609,3058,10711,2373,318,807,386
3301,New Hampshire Congressional District 1,281368,14292,5.1,14393,5.1,16223,5.8,32873,11.7,34676,12.3,41527,14.8,43839,15.6,18581,6.6,1.9,6.75,7.81,7,5.69,1.69,237510,2096,2952,4466,2454,9990,5411,1124,7608,7757
3302,New Hampshire Congressional District 2,304046,13953,4.6,21079,6.9,22065,7.3,40385,13.3,41686,13.7,50824,16.7,52149,17.2,26432,8.7,2.04,7.04,8.01,7.17,6.14,1.84,251837,1499,3361,5494,2179,10984,6424,1257,9320,11691
3401,New Jersey Congressional District 1,287333,11484,4,1752,0.6,2791,1,13601,4.7,17747,6.2,25461,8.9,30477,10.6,2117,0.7,1.42,4.99,6.72,5.52,5.59,1.25,256851,3027,5663,5271,3476,7547,2267,456,2032,743
3402,New Jersey Congressional District 2,513774,175280,34.1,73968,14.4,107899,21,144786,28.2,173762,33.8,176040,34.3,206556,40.2,-30494,-5.9,3.35,6.84,8.17,7.43,6.98,1.47,307186,12916,16122,15915,18329,35397,17792,3980,46490,39647
3403,New Jersey Congressional District 3,492692,73786,15,53525,10.9,60453,12.3,88167,17.9,107418,21.8,103735,21.1,123399,25,14381,2.9,2.54,7.16,8.41,7.83,7.83,1.61,369286,4170,8357,10662,14221,19035,7628,1285,22484,35564
3404,New Jersey Congressional District 4,313809,15656,5,7237,2.3,9272,3,21474,6.8,26081,8.3,29648,9.4,39144,12.5,5818,1.9,1.6,5.77,7.51,6.56,6.57,1.33,274659,1691,7676,5050,3661,8244,3538,569,4896,3825
3405,New Jersey Congressional District 5,285830,10045,3.5,7166,2.5,7600,2.7,22098,7.7,23158,8.1,30491,10.7,31392,11,12053,4.2,1.57,6.22,7.34,6.34,5.49,1.43,254416,1065,3633,3911,1913,8481,4225,835,3568,3783
3406,New Jersey Congressional District 6,244275,21093,8.6,4986,2,6989,2.9,19032,7.8,22433,9.2,25272,10.3,34652,14.2,-2061,-0.8,1.62,5.34,6.82,6.2,5.63,1.24,209614,1779,7459,7427,2586,6639,2327,238,3669,2537
3407,New Jersey Congressional District 7,275064,10447,3.8,7047,2.6,7400,2.7,21194,7.7,22090,8,27167,9.9,28022,10.2,10747,3.9,1.56,6.52,7.47,6.65,5.94,1.39,247035,937,2365,2796,1715,7560,4330,823,3235,4268
3408,New Jersey Congressional District 8,146988,23994,16.3,539,0.4,1950,1.3,10982,7.5,17270,11.7,20880,14.2,41821,28.5,-13012,-8.9,1.91,4.21,6.16,5.36,3.81,1.54,105164,2707,16849,6995,3985,8732,1678,61,561,256
3409,New Jersey Congressional District 9,184323,12713,6.9,2162,1.2,2554,1.4,14452,7.8,16772,9.1,24722,13.4,27020,14.7,1739,0.9,1.62,5.26,6.68,5.52,4.34,1.42,157296,1331,4989,4709,2461,8354,2342,279,1039,1523
3410,New Jersey Congressional District 10,163119,6393,3.9,202,0.1,258,0.2,11298,6.9,12403,7.6,17537,10.8,20053,12.3,4905,3,1.48,4.92,6.05,5.18,3.54,1.4,143063,1071,3932,3476,1689,7870,1513,116,323,66
3411,New Jersey Congressional District 11,263693,16720,6.3,4860,1.8,5385,2,22819,8.7,23877,9.1,31185,11.8,32235,12.2,6099,2.3,1.62,6.06,7.1,6.2,4.89,1.4,231424,1223,3479,3814,1919,9333,5738,984,3868,1911
3412,New Jersey Congressional District 12,285006,14387,5,3805,1.3,4220,1.5,17972,6.3,19617,6.9,27949,9.8,29683,10.4,3585,1.3,1.48,5.63,6.94,5.84,5.02,1.29,255318,1613,3948,4702,2256,8986,3510,522,2071,2080
3501,New Mexico Congressional District 1,305613,10359,3.4,2263,0.7,2213,0.7,14742,4.8,14644,4.8,33205,10.9,34439,11.3,4383,1.4,1.39,4.42,6.1,4.47,2.24,1.36,270888,2677,11466,9502,1078,5458,1823,401,1398,922
3502,New Mexico Congressional District 2,714516,70664,9.9,13915,1.9,14085,2,85506,12,86249,12.1,140823,19.7,141638,19.8,14842,2.1,1.82,5.09,6.31,5.12,3.22,1.66,571709,6850,31963,29643,15402,26899,15978,2767,7110,6195
3503,New Mexico Congressional District 3,478751,16908,3.5,10651,2.2,10887,2.3,35223,7.4,35505,7.4,47791,10,48145,10.1,18315,3.8,1.53,6.24,7.28,6.28,4.16,1.43,430374,1020,6643,5708,3000,11503,7743,1542,5833,5385
3601,New York Congressional District 1,329954,21222,6.4,10501,3.2,14150,4.3,35987,10.9,43379,13.1,50051,15.2,58136,17.6,14765,4.5,1.87,5.95,7.27,6.44,6.67,1.54,271789,2693,6841,8092,5590,16294,5055,1271,7012,5317
3602,New York Congressional District 2,222522,18740,8.4,12570,5.6,18629,8.4,30631,13.8,37831,17,44363,19.9,54974,24.7,11891,5.3,2.19,5.8,7.6,6.51,8.24,1.63,167525,6125,5881,7976,6327,10461,3670,506,7582,6469
3603,New York Congressional District 3,224486,3884,1.7,2590,1.2,3394,1.5,19683,8.8,21456,9.6,29699,13.2,32562,14.5,15799,7,1.66,5.52,6.68,5.83,6.82,1.56,191909,1122,4341,5616,2414,12100,3048,441,2413,1082
3604,New York Congressional District 4,210391,35780,17,4583,2.2,9259,4.4,26368,12.5,54503,25.9,43426,20.6,70462,33.5,-9412,-4.5,2.51,5.52,6.96,6.06,6.48,1.7,139918,1755,8248,11476,17886,17125,2560,133,9283,2007
3605,New York Congressional District 5,138041,8632,6.3,6092,4.4,7459,5.4,18927,13.7,23441,17,30023,21.7,36787,26.6,10295,7.5,2.24,5.66,7.34,6.22,7.64,1.88,101252,955,6792,5745,3098,11997,1119,59,2881,4143
3606,New York Congressional District 6,98918,209,0.2,33,0,47,0,8724,8.8,9487,9.6,14268,14.4,15082,15.2,8515,8.6,1.62,5.1,6.05,5.19,4.74,1.62,83830,553,1815,2929,950,8219,526,32,43,21
3607,New York Congressional District 7,64876,861,1.3,137,0.2,305,0.5,3844,5.9,4332,6.7,6355,9.8,7707,11.9,2983,4.6,1.47,4.93,6.22,5.27,6.01,1.41,57169,289,1673,1330,516,3334,333,4,149,79
3608,New York Congressional District 8,92602,4970,5.4,7030,7.6,8494,9.2,16129,17.4,18777,20.3,21801,23.5,33765,36.5,11159,12.1,2.69,5.63,7.86,6.33,7.38,2.42,58837,627,10290,3960,1609,8266,991,37,2495,5490
3609,New York Congressional District 9,73490,968,1.3,1080,1.5,1243,1.7,5782,7.9,6289,8.6,9959,13.6,13927,19,4814,6.6,1.73,4.83,6.79,4.87,8.05,1.64,59563,320,4753,2477,602,4103,489,8,379,796
3610,New York Congressional District 10,46026,730,1.6,145,0.3,318,0.7,2176,4.7,2670,5.8,4371,9.5,6961,15.1,1446,3.1,1.51,4.38,6.43,4.69,5.81,1.44,39065,443,2496,1300,449,1767,281,3,124,98
3611,New York Congressional District 11,157435,8131,5.2,541,0.3,1085,0.7,12294,7.8,14651,9.3,21004,13.3,30544,19.4,4163,2.6,1.7,4.59,6.19,5.36,5.02,1.52,126885,1709,9137,5527,2701,8815,1578,91,703,289
3612,New York Congressional District 12,34991,1080,3.1,331,0.9,444,1.3,1630,4.7,2220,6.3,3042,8.7,6864,19.6,550,1.6,1.63,4.22,6.88,5.27,5.35,1.51,28127,589,3128,778,468,1371,136,10,128,256
3613,New York Congressional District 13,17871,706,4,197,1.1,252,1.4,1815,10.2,2251,12.6,2674,15,3387,19,1109,6.2,1.83,5.38,6.89,5.95,5.05,1.7,14484,276,621,228,359,1273,177,24,275,154
3614,New York Congressional District 14,74051,2780,3.8,1152,1.6,1434,1.9,8132,11,9298,12.6,11613,15.7,13598,18.4,5352,7.2,1.83,5.54,6.63,5.99,5.98,1.67,60453,282,2005,1770,965,6586,666,72,414,838
3615,New York Congressional District 15,31685,677,2.1,430,1.4,561,1.8,3944,12.4,4242,13.4,5411,17.1,6288,19.8,3267,10.3,1.89,5.49,6.49,6,6.85,1.78,25396,163,826,925,267,3352,239,29,194,294
3616,New York Congressional District 16,124933,3872,3.1,2060,1.6,2311,1.8,11878,9.5,12648,10.1,16149,12.9,17257,13.8,8006,6.4,1.7,6.03,7.05,6.3,6.08,1.56,107670,425,1802,2299,1125,5979,2145,418,1879,1191
3617,New York Congressional District 17,187763,5108,2.7,4186,2.2,4610,2.5,16840,9,17620,9.4,21921,11.7,23146,12.3,11732,6.2,1.65,6.3,7.28,6.52,5.58,1.54,164599,768,2037,2786,1279,6383,3921,839,3230,1921
3618,New York Congressional District 18,255536,9347,3.7,9258,3.6,10304,4,24950,9.8,25838,10.1,32571,12.7,33608,13.2,15603,6.1,1.74,6.61,7.62,6.75,5.68,1.59,221890,1153,2503,3916,1643,8557,4774,964,5166,4970
3619,New York Congressional District 19,422731,19268,4.6,36181,8.6,37447,8.9,61550,14.6,62999,14.9,74862,17.7,76522,18.1,42282,10,2.14,7.32,8.2,7.43,6.65,1.93,346117,1842,4603,6836,3089,14253,8972,1793,14721,20505
3620,New York Congressional District 20,270340,7680,2.8,7879,2.9,8464,3.1,29743,11,31049,11.5,40908,15.1,42491,15.7,22063,8.2,1.81,6.13,7.19,6.27,7,1.66,227830,1643,3929,5554,2565,13874,5455,836,4059,4595
3621,New York Congressional District 21,430839,16062,3.7,29235,6.8,30978,7.2,61971,14.4,63530,14.7,78383,18.2,80281,18.6,45909,10.7,2.1,6.88,7.86,6.99,5.34,1.97,350518,2226,6169,8426,3889,17867,10167,2006,13275,16296
3622,New York Congressional District 22,334364,16585,5,22749,6.8,23977,7.2,54668,16.3,56334,16.8,74882,22.4,76782,23,38083,11.4,2.23,6.37,7.49,6.47,6.09,2.03,257538,2149,7992,12775,3301,18446,8477,1390,10594,11702
3623,New York Congressional District 23,382862,16481,4.3,32234,8.4,33252,8.7,74534,19.5,75727,19.8,97914,25.6,99284,25.9,58053,15.2,2.44,6.54,7.49,6.59,5.95,2.28,283525,2424,8265,17344,3419,22767,12052,1824,14690,16552
3624,New York Congressional District 24,288329,12239,4.2,7299,2.5,7758,2.7,30301,10.5,31340,10.9,42283,14.7,43568,15.1,18062,6.3,1.76,6,7.07,6.1,5.23,1.6,244743,1475,4693,6131,2300,13857,6401,927,4773,3029
3625,New York Congressional District 25,252197,4619,1.8,2896,1.1,3133,1.2,19525,7.7,20119,8,30457,12.1,31190,12.4,14906,5.9,1.57,5.6,6.82,5.68,5.93,1.49,220998,868,4263,6043,1870,9741,4026,673,2417,1298
3626,New York Congressional District 26,268704,4367,1.6,3083,1.1,3851,1.4,39435,14.7,41668,15.5,73776,27.5,75990,28.3,35068,13.1,2.1,4.88,6.07,4.96,4.42,2.06,192713,3332,12337,19755,6165,27223,4704,1061,1347,67
3627,New York Congressional District 27,324023,11859,3.7,11179,3.5,11560,3.6,37602,11.6,38726,12,52801,16.3,53867,16.6,25743,7.9,1.84,6.04,7.1,6.11,4.89,1.72,270143,1502,5497,8960,4561,13612,7777,1210,6344,4417
3701,North Carolina Congressional District 1,396298,15783,4,8979,2.3,11049,2.8,29675,7.5,33244,8.4,40163,10.1,43160,10.9,13892,3.5,1.56,6.17,7.22,6.4,4.74,1.43,353126,1950,4363,5160,3593,10109,6514,1807,6500,3176
3702,North Carolina Congressional District 2,410208,7354,1.8,7899,1.9,8654,2.1,21747,5.3,22728,5.5,26771,6.5,27783,6.8,14393,3.5,1.38,6.65,7.51,6.82,5.23,1.31,382407,1070,1918,2317,1757,6244,5080,1407,5409,2599
3703,North Carolina Congressional District 3,501755,127002,25.3,52736,10.5,82089,16.4,149268,29.7,191139,38.1,204943,40.8,226981,45.2,22266,4.4,3.5,6.52,7.71,6.86,7.04,2.3,274747,9918,15724,17914,30332,64262,13230,4813,34831,35984
3704,North Carolina Congressional District 4,271672,3500,1.3,4135,1.5,4821,1.8,14833,5.5,16041,5.9,18352,6.8,19108,7,11333,4.2,1.39,6.59,7.4,6.77,5.87,1.34,252549,786,1065,1368,1200,4943,3879,1073,3681,1128
3705,North Carolina Congressional District 5,460639,8046,1.7,29541,6.4,30902,6.7,44267,9.6,45479,9.9,49123,10.7,50326,10.9,36221,7.9,1.77,8.08,8.7,8.23,8.06,1.66,410237,1335,1682,1852,1354,7065,4926,1529,10226,20433
3706,North Carolina Congressional District 6,393087,4999,1.3,10779,2.7,11586,2.9,20643,5.3,21540,5.5,23504,6,24266,6.2,15644,4,1.4,7.4,8.05,7.57,6.36,1.33,368801,809,811,1304,1155,4237,3953,1385,5897,4735
3707,North Carolina Congressional District 7,528272,58837,11.1,25519,4.8,36090,6.8,94521,17.9,103103,19.5,122052,23.1,132776,25.1,35684,6.8,2.31,6.21,7.29,6.52,6.57,1.78,395489,7406,13057,14886,11424,33078,15169,4337,19885,13541
3708,North Carolina Congressional District 8,394854,6683,1.7,9656,2.4,10628,2.7,26533,6.7,28135,7.1,33074,8.4,34437,8.7,19850,5,1.49,6.65,7.55,6.84,5.8,1.42,360408,1429,2246,2861,2143,8363,5710,1607,6456,3631
3709,North Carolina Congressional District 9,387036,12003,3.1,8696,2.2,9692,2.5,34216,8.8,36420,9.4,44999,11.6,47045,12.2,22213,5.7,1.63,6.15,7.13,6.33,4.81,1.52,339967,2191,4073,5175,3866,12094,8631,2070,6529,2440
3710,North Carolina Congressional District 10,427060,6651,1.6,15549,3.6,16913,4,30979,7.3,32343,7.6,36359,8.5,37697,8.8,24328,5.7,1.56,7.38,8.18,7.57,7.32,1.47,389325,1441,1640,2258,1537,7007,5077,1518,8397,8860
3711,North Carolina Congressional District 11,554227,16351,3,64639,11.7,67080,12.1,89881,16.2,92099,16.6,99348,17.9,101396,18.3,73530,13.3,2.33,8.26,8.86,8.4,8.38,2.15,452635,2305,3235,3603,2407,12604,8703,2571,20025,46139
3712,North Carolina Congressional District 12,277109,3389,1.2,3040,1.1,3830,1.4,15872,5.7,17037,6.1,19513,7,20524,7.4,12483,4.5,1.4,6.42,7.23,6.65,5.97,1.35,256567,1072,1127,1431,1415,5541,4279,1319,3751,607
3713,North Carolina Congressional District 13,367823,5633,1.5,7162,1.9,8121,2.2,19151,5.2,20180,5.5,23282,6.3,24332,6.6,13518,3.7,1.38,6.8,7.68,7,6.11,1.31,343477,1169,1291,1900,1286,5457,4041,1259,5132,2811
3800,North Dakota Congressional District (at Large),622576,29723,4.8,16814,2.7,17429,2.8,63441,10.2,64871,10.4,94468,15.2,96001,15.4,33718,5.4,1.74,5.81,6.98,5.87,3.17,1.67,526507,2332,15112,16280,7119,21739,13846,2605,10748,6288
3901,Ohio Congressional District 1,358386,9821,2.7,5730,1.6,6231,1.7,25296,7.1,27355,7.6,33878,9.5,35688,10,15475,4.3,1.5,6.05,7.05,6.25,6.19,1.37,322619,2280,2624,4251,2030,12633,4283,796,4004,2866
3902,Ohio Congressional District 2,422898,19821,4.7,21838,5.2,23032,5.4,47177,11.2,49087,11.6,57826,13.7,59336,14,27356,6.5,1.84,6.99,7.84,7.1,6.81,1.6,363496,1806,3613,5873,2608,14048,7472,1294,9733,12955
3903,Ohio Congressional District 3,251173,5257,2.1,777,0.3,800,0.3,9146,3.6,10562,4.2,16957,6.8,18200,7.2,3889,1.5,1.28,4.92,6.34,5.11,3.42,1.24,232956,1489,3190,3760,1630,5438,1735,114,432,429
3904,Ohio Congressional District 4,422048,14183,3.4,9749,2.3,10269,2.4,33660,8,35374,8.4,49048,11.6,51076,12.1,19477,4.6,1.59,5.86,7.11,6,5.07,1.47,370958,2482,6929,7376,3976,12483,6745,1430,5999,3670
3905,Ohio Congressional District 5,413867,17560,4.2,9351,2.3,9599,2.3,39059,9.4,40791,9.9,65561,15.8,67490,16.3,21499,5.2,1.72,5.43,6.86,5.53,5.04,1.58,346327,2834,12147,13214,5619,16178,7085,1177,4909,4377
3906,Ohio Congressional District 6,602027,50244,8.3,61673,10.2,63992,10.6,124478,20.7,126742,21.1,149793,24.9,151782,25.2,74234,12.3,2.57,7.23,7.98,7.3,7.53,2.12,450082,2671,9335,11301,7644,37840,16006,3415,21939,41794
3907,Ohio Congressional District 7,439522,14319,3.3,15630,3.6,16404,3.7,40695,9.3,42603,9.7,52642,12,54253,12.3,26376,6,1.69,6.55,7.55,6.68,5.61,1.55,385204,1831,4684,5896,3217,13187,7771,1680,8847,7205
3908,Ohio Congressional District 8,345674,9872,2.9,6223,1.8,6641,1.9,23161,6.7,25245,7.3,34074,9.9,35846,10.4,13289,3.8,1.5,5.79,7.02,5.98,5.41,1.38,309792,2168,4050,5421,3000,9964,4233,807,3503,2736
3909,Ohio Congressional District 9,349592,20258,5.8,1563,0.4,1719,0.5,16363,4.7,18188,5.2,32271,9.2,34006,9.7,-3895,-1.1,1.4,5.06,6.43,5.22,3.14,1.29,315535,2033,5820,6863,2797,11709,2503,338,1172,822
3910,Ohio Congressional District 10,363041,8698,2.4,4240,1.2,4615,1.3,22002,6.1,24494,6.7,33914,9.3,36353,10,13304,3.7,1.44,5.43,6.73,5.64,5.08,1.35,326662,3132,4653,6329,2947,9989,3987,715,2609,2018
3911,Ohio Congressional District 11,314414,1472,0.5,983,0.3,1080,0.3,12033,3.8,13717,4.4,20319,6.5,21810,6.9,10561,3.4,1.29,5.14,6.41,5.35,4.63,1.27,292577,1536,3086,3712,2210,8128,1718,245,733,469
3912,Ohio Congressional District 12,365417,8338,2.3,9298,2.5,9728,2.7,25222,6.9,26492,7.2,33292,9.1,34537,9.5,16884,4.6,1.52,6.45,7.52,6.6,5.53,1.42,330820,1370,3207,3747,2069,9166,4434,925,4722,4957
3913,Ohio Congressional District 13,413866,5549,1.3,4343,1,4543,1.1,18702,4.5,19871,4.8,27038,6.5,28275,6.8,13153,3.2,1.33,5.88,7.08,6.04,6.16,1.27,385578,1370,3443,3861,1942,8465,3616,661,2650,2280
3914,Ohio Congressional District 14,372855,6850,1.8,6082,1.6,6495,1.7,22110,5.9,23326,6.3,29831,8,31040,8.3,15260,4.1,1.43,6.2,7.27,6.36,6.02,1.35,341774,1339,2923,3723,2222,8475,4423,923,4440,2613
3915,Ohio Congressional District 15,384479,20280,5.3,21983,5.7,22764,5.9,44926,11.7,46358,12.1,55503,14.4,56975,14.8,24646,6.4,1.9,7.05,7.97,7.16,6.45,1.64,327438,1645,4034,5095,2670,11864,7693,1724,9021,13295
3916,Ohio Congressional District 16,326009,5387,1.7,3274,1,3578,1.1,15511,4.8,16538,5.1,21352,6.5,22470,6.9,10124,3.1,1.34,5.97,7.06,6.16,5.03,1.28,303517,1172,2218,2676,1627,6691,3560,710,2643,1195
4001,Oklahoma Congressional District 1,349812,14108,4,5748,1.6,5921,1.7,31280,8.9,31597,9,45398,13,45746,13.1,17172,4.9,1.61,5.63,6.66,5.66,4.4,1.49,304039,649,8325,8432,2326,12528,6113,970,4108,2322
4002,Oklahoma Congressional District 2,553405,35008,6.3,26609,4.8,26675,4.8,51813,9.4,51958,9.4,62380,11.3,62493,11.3,16805,3,1.7,7.16,7.91,7.19,4.75,1.49,490709,639,4690,5105,3288,12919,8441,1873,12176,13565
4003,Oklahoma Congressional District 3,563683,27795,4.9,17933,3.2,17780,3.2,49312,8.7,48959,8.7,64686,11.5,64295,11.4,21517,3.8,1.62,6.4,7.34,6.41,4.35,1.48,498784,1006,7947,7405,4509,14670,10509,1788,9426,7639
4004,Oklahoma Congressional District 4,410470,20260,4.9,7693,1.9,7539,1.8,28355,6.9,27783,6.8,37684,9.2,37048,9,8095,2,1.47,6.17,7.07,6.17,4.06,1.34,372731,797,4401,5251,2019,10529,5880,958,4705,3199
4005,Oklahoma Congressional District 5,339407,9397,2.8,3376,1,3316,1,19501,5.7,18882,5.6,26838,7.9,26376,7.8,10104,3,1.39,5.88,6.8,5.88,4.27,1.3,312549,537,3600,3431,2038,8668,4078,695,2446,1365
4101,Oregon Congressional District 1,334402,14434,4.3,9954,3,10713,3.2,37040,11.1,39660,11.9,51585,15.4,54142,16.2,22606,6.8,1.8,5.92,6.95,6.12,5.87,1.61,280232,2845,4361,8904,4907,17761,4450,705,4070,6167
4102,Oregon Congressional District 2,510334,20456,4,24897,4.9,26477,5.2,97887,19.2,102367,20.1,138159,27.1,141169,27.7,77431,15.2,2.38,6,6.99,6.08,5.7,2.25,369104,3602,12751,24377,8952,47042,16854,2081,12488,13083
4103,Oregon Congressional District 3,301589,5654,1.9,6909,2.3,7312,2.4,30956,10.3,33104,11,49491,16.4,51369,17,25302,8.4,1.79,5.65,6.89,5.78,6.95,1.69,250145,2146,4660,11582,2990,18883,3316,471,3126,4270
4104,Oregon Congressional District 4,424393,35415,8.3,34552,8.1,35879,8.5,89590,21.1,93552,22,138700,32.7,143256,33.8,54175,12.8,2.68,5.98,7.38,6.08,5.91,2.39,281062,5584,19437,24507,7958,38922,12132,1897,12822,20072
4105,Oregon Congressional District 5,356825,20409,5.7,15663,4.4,16693,4.7,49963,14,54864,15.4,70454,19.7,74422,20.9,29554,8.3,2.07,6.12,7.21,6.31,6.17,1.82,282376,2496,6776,10219,7585,22990,7248,1013,6572,9550
4201,Pennsylvania Congressional District 1,264253,7882,3,4497,1.7,4791,1.8,14064,5.3,15109,5.7,20667,7.8,22117,8.4,6182,2.3,1.41,5.93,7.36,6.16,6.29,1.26,242128,1604,2685,3172,1520,5561,2300,455,1719,3109
4202,Pennsylvania Congressional District 2,244525,714,0.3,598,0.2,644,0.3,14043,5.7,15976,6.5,23852,9.8,26456,10.8,13329,5.5,1.41,4.76,5.97,5.03,5.93,1.39,218062,2817,4349,4283,2427,10526,1815,61,122,63
4203,Pennsylvania Congressional District 3,255691,453,0.2,623,0.2,753,0.3,14783,5.8,16489,6.4,22036,8.6,23949,9.4,14330,5.6,1.39,5.14,6.19,5.4,7.23,1.38,231708,2043,2794,3486,2183,10466,2057,146,436,372
4204,Pennsylvania Congressional District 4,262284,5587,2.1,3471,1.3,3799,1.4,12604,4.8,13333,5.1,15432,5.9,16170,6.2,7017,2.7,1.35,6.6,7.45,6.8,6.29,1.24,246106,763,938,1281,990,4254,2924,737,2493,1798
4205,Pennsylvania Congressional District 5,246221,5607,2.3,1545,0.6,2391,1,12757,5.2,14744,6,18994,7.7,22797,9.3,7150,2.9,1.38,5.13,6.57,5.58,4.63,1.31,223395,3067,3152,2806,2144,6884,2373,410,1456,534
4206,Pennsylvania Congressional District 6,257193,4854,1.9,5698,2.2,6170,2.4,14071,5.5,14753,5.7,16840,6.5,17488,6.8,9217,3.6,1.4,6.93,7.74,7.11,6.28,1.31,239670,703,928,1230,951,4176,2759,694,3247,2835
4207,Pennsylvania Congressional District 7,269959,6048,2.2,7187,2.7,7599,2.8,18186,6.7,18944,7,23455,8.7,24284,9,12138,4.5,1.51,6.68,7.72,6.84,7.54,1.37,245656,870,2227,2440,1246,5639,3380,726,3136,4639
4208,Pennsylvania Congressional District 8,416124,13062,3.1,12269,2.9,13086,3.1,40808,9.8,42569,10.2,65517,15.7,66877,16.1,27746,6.7,1.79,5.9,7.16,5.98,5.71,1.66,349198,1428,4524,21106,2100,15580,7054,1545,7612,5977
4209,Pennsylvania Congressional District 9,361478,16369,4.5,20678,5.7,22008,6.1,43765,12.1,45129,12.5,53064,14.7,54332,15,27396,7.6,1.92,7.11,7.95,7.23,6.84,1.69,307099,1354,3525,4502,2330,11534,7669,1760,10065,11640
4210,Pennsylvania Congressional District 10,276868,8990,3.2,11599,4.2,12810,4.6,29608,10.7,30638,11.1,36733,13.3,37943,13.7,20618,7.4,1.81,6.89,7.79,7.03,7.88,1.6,238912,1221,2839,3044,1838,10913,4126,707,3686,9582
4211,Pennsylvania Congressional District 11,262690,4170,1.6,7268,2.8,7664,2.9,15941,6.1,16753,6.4,19639,7.5,20368,7.8,11771,4.5,1.47,7.02,7.97,7.19,7.34,1.37,242309,760,1435,1408,1108,4512,2602,697,3298,4561
4212,Pennsylvania Congressional District 12,366041,32872,9,38914,10.6,40459,11.1,72623,19.8,74627,20.4,90956,24.8,93241,25.5,39751,10.9,2.54,7.05,8.04,7.16,7.4,2.06,272742,2825,8180,9555,3346,18021,10592,1986,13656,25138
4213,Pennsylvania Congressional District 13,373965,21162,5.7,28436,7.6,29772,8,55715,14.9,57301,15.3,66644,17.8,67887,18.2,34553,9.2,2.13,7.24,8.02,7.34,7.16,1.83,306020,1402,3815,6483,2533,12949,9549,2020,13239,15955
4214,Pennsylvania Congressional District 14,377907,14295,3.8,28261,7.5,29462,7.8,47272,12.5,48147,12.7,53299,14.1,54154,14.3,32977,8.7,1.99,7.89,8.51,7.98,8.8,1.72,323685,958,2480,2361,1480,8953,6089,1654,10225,20022
4215,Pennsylvania Congressional District 15,440448,24181,5.5,38844,8.8,40641,9.2,66757,15.2,68014,15.4,76531,17.4,77543,17.6,42576,9.7,2.18,7.7,8.35,7.77,7.88,1.85,362853,1171,3808,5054,2290,13227,9674,2185,14616,25570
4216,Pennsylvania Congressional District 16,347971,12520,3.6,10001,2.9,10568,3,26027,7.5,26855,7.7,33159,9.5,33966,9.8,13507,3.9,1.55,6.66,7.59,6.77,6.04,1.39,313969,918,2768,3447,1726,8539,5143,1053,5771,4637
4217,Pennsylvania Congressional District 17,340081,8754,2.6,15958,4.7,16977,5,39396,11.6,40560,11.9,47752,14,48834,14.4,30642,9,1.87,7.04,7.84,7.15,8.27,1.7,291193,1189,3014,3592,2381,13493,5387,1441,7397,10994
4218,Pennsylvania Congressional District 18,335355,4709,1.4,11638,3.5,13032,3.9,38594,11.5,40290,12,47975,14.3,49263,14.7,33885,10.1,1.85,6.77,7.57,6.88,8.66,1.75,286045,1360,3289,3352,2312,16633,5474,1425,8131,7334
4401,Rhode Island Congressional District 1,171086,8653,5.1,2817,1.6,3528,2.1,11720,6.9,13465,7.9,18172,10.6,21208,12.4,3067,1.8,1.56,5.49,6.96,6.03,5.33,1.36,149859,1263,3715,3370,1814,5602,1878,284,1674,1627
4402,Rhode Island Congressional District 2,211371,15137,7.2,6256,3,7518,3.6,19209,9.1,21561,10.2,28180,13.3,33142,15.7,4072,1.9,1.76,5.83,7.36,6.43,6.12,1.42,178201,1399,5762,4594,2425,8246,3106,530,3639,3469
4501,South Carolina Congressional District 1,350440,115588,33,26985,7.7,45603,13,104283,29.8,128628,36.7,142488,40.7,182195,52,-11305,-3.2,3.5,5.81,7.42,6.47,6.5,2.02,168244,14042,27284,17899,15682,57978,5062,3595,19972,20682
4502,South Carolina Congressional District 2,341218,7348,2.2,5590,1.6,6174,1.8,20959,6.1,22444,6.6,27415,8,29054,8.5,13611,4,1.44,6.22,7.27,6.45,5.05,1.37,312152,1727,2327,2925,2006,7697,5046,1110,3950,2278
4503,South Carolina Congressional District 3,404026,3869,1,10848,2.7,11875,2.9,22834,5.7,23963,5.9,27767,6.9,29003,7.2,18965,4.7,1.43,7.01,7.95,7.23,6.63,1.38,375004,1327,1696,2220,1343,5534,4495,1286,5975,5146
4504,South Carolina Congressional District 4,324329,3838,1.2,7076,2.2,7875,2.4,21832,6.7,23011,7.1,26290,8.1,27233,8.4,17994,5.5,1.49,6.89,7.69,7.06,6.76,1.43,297062,1027,1494,1869,1547,5462,5404,1554,6120,2790
4505,South Carolina Congressional District 5,377073,7500,2,7920,2.1,8728,2.3,22540,6,23902,6.3,28673,7.6,29978,8,15040,4,1.44,6.54,7.5,6.73,5.36,1.36,347081,1377,2147,2655,2092,7646,4547,1131,4950,3447
4506,South Carolina Congressional District 6,375875,28373,7.5,9317,2.5,13519,3.6,47174,12.6,55399,14.7,65963,17.5,74581,19.8,18801,5,1.93,5.71,6.92,6.11,5.35,1.66,301287,5421,8346,8470,7950,21915,8972,2108,8732,2674
4507,South Carolina Congressional District 7,389678,29934,7.7,12874,3.3,17658,4.5,66462,17.1,76357,19.6,93280,23.9,103478,26.6,36528,9.4,2.24,5.65,6.9,6,6.21,1.91,286185,9117,12431,11887,10330,30138,11419,1348,9514,7309
4600,South Dakota Congressional District (at Large),637767,24536,3.8,24059,3.8,24352,3.8,69807,10.9,70196,11,91280,14.3,91706,14.4,45271,7.1,1.78,6.43,7.35,6.45,4.11,1.69,545807,1097,10927,11084,5669,21021,15017,2884,13856,10405
4701,Tennessee Congressional District 1,403091,12052,3,35086,8.7,37098,9.2,62280,15.5,64117,15.9,72519,18,74133,18.4,50228,12.5,2.21,7.58,8.32,7.7,6.98,2.06,328806,1876,3554,4563,2434,13348,9195,2265,15144,21906
4702,Tennessee Congressional District 2,356919,7353,2.1,15673,4.4,16489,4.6,41632,11.7,42817,12,53458,15,54387,15.2,34279,9.6,1.89,6.84,7.8,6.93,6.56,1.79,302460,1116,4939,4695,2621,13335,7018,1883,9047,9805
4703,Tennessee Congressional District 3,379438,12363,3.3,26560,7,28160,7.4,72565,19.1,73921,19.5,88999,23.5,90177,23.8,60202,15.9,2.42,6.98,7.76,7.05,6.33,2.28,289177,1467,5812,7971,3969,23413,11953,2829,17312,15535
4704,Tennessee Congressional District 4,373975,12741,3.4,19148,5.1,19887,5.3,43450,11.6,44731,12,54343,14.5,55672,14.9,30709,8.2,1.87,6.84,7.76,6.95,5.19,1.75,318261,1488,4506,5076,3325,11254,8790,1963,10110,9202
4705,Tennessee Congressional District 5,300087,8581,2.9,8004,2.7,8524,2.8,30481,10.2,31500,10.5,39700,13.2,40470,13.5,21900,7.3,1.72,6.32,7.2,6.41,6.49,1.58,259568,924,3690,4207,2101,13566,6069,1302,4910,3750
4706,Tennessee Congressional District 6,425183,7733,1.8,21314,5,22082,5.2,44035,10.4,45114,10.6,52072,12.2,53085,12.5,36302,8.5,1.77,7.2,7.93,7.3,6.33,1.69,372023,1174,3207,3572,2531,12034,7041,1894,10100,11607
4707,Tennessee Congressional District 7,418590,18850,4.5,28962,6.9,29831,7.1,51381,12.3,52545,12.6,59852,14.3,60972,14.6,32531,7.8,1.94,7.47,8.19,7.56,6.74,1.72,357559,1267,3476,3658,2571,11197,8218,1917,12059,16668
4708,Tennessee Congressional District 8,364809,17145,4.7,10162,2.8,10606,2.9,26551,7.3,27266,7.5,33449,9.2,34209,9.4,9406,2.6,1.52,6.51,7.39,6.6,4.38,1.38,330578,1006,3070,3446,2272,8045,5555,1226,6467,3144
4709,Tennessee Congressional District 9,257999,3838,1.5,1596,0.6,1870,0.7,16578,6.4,19459,7.5,34791,13.5,38402,14.9,12740,4.9,1.56,4.74,6.31,4.98,4.74,1.51,219587,4146,7237,7572,4337,10337,2591,550,998,644
4801,Texas Congressional District 1,443063,14557,3.3,12236,2.8,12559,2.8,29187,6.6,29875,6.7,36366,8.2,36956,8.3,14630,3.3,1.48,6.77,7.59,6.84,4.68,1.37,406098,677,2555,3851,2019,8732,6107,1197,7383,4444
4802,Texas Congressional District 2,270302,18305,6.8,1846,0.7,2072,0.8,21557,8,24061,8.9,49937,18.5,53037,19.6,3252,1.2,1.71,4.64,6.22,4.79,4.48,1.51,217215,3640,11003,14290,5382,13918,2797,390,1016,651
4803,Texas Congressional District 3,286448,3486,1.2,848,0.3,877,0.3,6111,2.1,6335,2.2,9701,3.4,9897,3.5,2625,0.9,1.16,5.52,6.7,5.58,3.56,1.13,276551,214,1440,1878,781,3128,1281,182,684,309
4804,Texas Congressional District 4,510395,20303,4,13667,2.7,13848,2.7,30283,5.9,30675,6,39147,7.7,39553,7.7,9980,2,1.44,6.7,7.64,6.74,4.5,1.3,470822,533,3577,4725,2250,8634,5776,1012,7937,5129
4805,Texas Congressional District 5,383731,14122,3.7,8043,2.1,8253,2.2,19432,5.1,19768,5.2,26921,7,27371,7.1,5310,1.4,1.38,6.34,7.48,6.41,4.38,1.26,356344,614,3153,3825,1712,6120,3625,677,4964,2697
4806,Texas Congressional District 6,293011,8536,2.9,2060,0.7,2142,0.7,8204,2.8,8462,2.9,12638,4.3,12996,4.4,-332,-0.1,1.21,5.74,7.01,5.84,3.7,1.13,280006,424,1734,2336,931,3687,1511,225,1418,739
4807,Texas Congressional District 7,213214,22640,10.6,1895,0.9,2085,1,22862,10.7,24746,11.6,62860,29.5,66014,31,222,0.1,2.05,4.39,6.01,4.49,4.74,1.73,147177,4494,16771,19441,6291,14750,2843,341,884,222
4808,Texas Congressional District 8,465419,34139,7.3,11602,2.5,12427,2.7,39259,8.4,41476,8.9,59581,12.8,62323,13.4,5120,1.1,1.64,5.77,7.08,5.93,4.2,1.43,403066,3143,7422,10887,4979,16287,7342,1197,6879,4217
4809,Texas Congressional District 9,210257,26447,12.6,3113,1.5,3336,1.6,46199,22,48386,23,85322,40.6,88060,41.9,19752,9.4,2.6,4.82,6.08,4.9,4.55,2.32,122171,4476,17856,19975,8471,27490,6798,324,2256,440
4810,Texas Congressional District 10,381526,20765,5.4,6001,1.6,6379,1.7,26431,6.9,28192,7.4,51024,13.4,53718,14.1,5666,1.5,1.57,5.06,6.8,5.2,4.2,1.42,327797,3670,11548,11232,4899,11399,4217,643,3728,2393
4811,Texas Congressional District 11,500955,34269,6.8,12162,2.4,12530,2.5,56711,11.3,57967,11.6,81039,16.2,82410,16.5,22442,4.5,1.79,5.82,6.85,5.88,4.86,1.57,418538,2070,10272,13531,6344,25970,10055,1101,6680,6394
4812,Texas Congressional District 12,307400,13611,4.4,3884,1.3,4019,1.3,16694,5.4,17461,5.7,27782,9,28378,9.2,3083,1,1.42,5.55,6.95,5.62,5.14,1.25,279005,1317,4975,5003,1626,8014,2398,408,2917,1737
4813,Texas Congressional District 13,432654,14574,3.4,7869,1.8,7979,1.8,28419,6.6,28600,6.6,45510,10.5,45681,10.6,13845,3.2,1.49,5.66,6.9,5.69,4.18,1.4,386784,868,7338,8470,3448,13183,4621,905,4266,2771
4814,Texas Congressional District 14,405633,121669,30,36935,9.1,56718,14,158174,39,271567,66.9,286711,70.7,309595,76.3,36505,9,4.57,5.68,7.15,5.8,7.12,3.48,96012,6280,18424,119725,18329,72211,12024,3585,16242,42801
4815,Texas Congressional District 15,319053,26116,8.2,16685,5.2,17292,5.4,60512,19,62383,19.6,104770,32.8,106717,33.4,34396,10.8,2.48,5.44,6.69,5.49,5.27,2.23,212320,3335,13377,29577,7512,25401,11648,3259,8558,4066
4816,Texas Congressional District 16,308394,11363,3.7,169,0.1,153,0,10510,3.4,10356,3.4,37163,12.1,37109,12,-853,-0.3,1.42,4.45,5.81,4.46,2.57,1.37,271011,597,8921,14775,1438,10232,1053,93,254,20
4817,Texas Congressional District 17,336286,12441,3.7,5988,1.8,6207,1.8,19209,5.7,19905,5.9,27652,8.2,28363,8.4,6768,2,1.42,6.02,7.17,6.12,4.08,1.32,307920,770,3373,4156,2196,7776,3687,629,3659,2120
4818,Texas Congressional District 18,253273,30618,12.1,1453,0.6,1585,0.6,31812,12.6,34666,13.7,69395,27.4,73386,29,1194,0.5,2.04,4.59,6.03,4.73,4.18,1.75,179878,5025,15067,19733,7199,20828,4030,217,840,456
4819,Texas Congressional District 19,410714,33085,8.1,5686,1.4,5936,1.4,33741,8.2,34502,8.4,56161,13.7,57542,14,656,0.2,1.59,5.2,6.47,5.27,3.57,1.41,353154,2428,11054,11707,4758,15784,6008,644,2925,2252
4820,Texas Congressional District 20,223181,4812,2.2,340,0.2,354,0.2,8569,3.8,9126,4.1,16240,7.3,16969,7.6,3757,1.7,1.3,4.92,6.21,5.04,3.79,1.24,206212,736,2702,4390,1262,6261,1069,109,270,170
4821,Texas Congressional District 21,369598,11823,3.2,10643,2.9,10960,3,26235,7.1,26749,7.2,34780,9.4,35430,9.6,14412,3.9,1.54,6.6,7.64,6.68,4.87,1.42,334162,744,3133,4634,1839,8619,4670,864,5250,5683
4822,Texas Congressional District 22,371118,31727,8.5,6213,1.7,6910,1.9,72641,19.6,78470,21.1,158750,42.8,166032,44.7,40914,11,2.73,4.86,6.16,4.97,4.16,2.59,205047,7592,27759,50438,11059,49117,12140,1153,5049,1764
4823,Texas Congressional District 23,499507,25245,5.1,8178,1.6,8803,1.8,34806,7,36221,7.3,62103,12.4,63926,12.8,9561,1.9,1.56,5.37,6.79,5.47,3.54,1.45,435561,2359,9919,16735,4074,15591,6030,792,5080,3366
4824,Texas Congressional District 24,202880,4065,2,587,0.3,618,0.3,4819,2.4,5177,2.6,16083,7.9,16893,8.3,754,0.4,1.28,4.42,6.31,4.53,3.8,1.23,185984,952,3913,6566,641,3660,558,63,276,267
4825,Texas Congressional District 25,417625,19260,4.6,8954,2.1,9558,2.3,26080,6.2,26583,6.4,34751,8.3,35297,8.5,6820,1.6,1.47,6.57,7.59,6.63,4.33,1.33,382316,644,3189,4660,1900,8650,4816,887,5516,5047
4826,Texas Congressional District 26,331253,7790,2.4,1453,0.4,1496,0.5,9273,2.8,9644,2.9,15581,4.7,15941,4.8,1483,0.4,1.22,5.5,6.84,5.58,3.47,1.16,315311,398,2707,2910,1166,4652,1919,239,1410,541
4827,Texas Congressional District 27,411911,73428,17.8,25759,6.3,50292,12.2,96074,23.3,110212,26.8,146119,35.5,166684,40.5,22646,5.5,2.96,5.84,7.45,6.15,6.24,2.24,245218,15961,20169,26539,15301,31635,11900,3581,19112,22495
4828,Texas Congressional District 28,316378,19994,6.3,4370,1.4,4641,1.5,24805,7.8,25991,8.2,37624,11.9,38759,12.3,4811,1.5,1.55,5.48,6.52,5.58,3.68,1.4,277614,1270,4545,8747,3107,11674,4715,716,3033,957
4829,Texas Congressional District 29,199039,22832,11.5,1075,0.5,1213,0.6,31393,15.8,36696,18.4,81706,41.1,85009,42.7,8561,4.3,2.39,4.26,5.67,4.35,4.41,2.13,114010,5318,26739,22471,8620,17106,3580,163,548,484
4830,Texas Congressional District 30,228924,7027,3.1,802,0.4,856,0.4,8447,3.7,8767,3.8,15344,6.7,15738,6.9,1420,0.6,1.28,5.09,6.38,5.16,4,1.19,213184,821,2711,3711,872,5252,1071,114,721,467
4831,Texas Congressional District 31,357285,8107,2.3,3657,1,3816,1.1,14197,4,14616,4.1,20634,5.8,21077,5.9,6090,1.7,1.29,5.98,7.12,6.06,4.3,1.22,336206,487,2439,3455,1374,6131,2823,452,2283,1635
4832,Texas Congressional District 32,207102,2844,1.4,215,0.1,220,0.1,3339,1.6,3482,1.7,6231,3,6399,3.1,495,0.2,1.12,5.01,6.3,5.08,3.4,1.09,200699,195,1141,1544,442,2388,375,40,192,86
4833,Texas Congressional District 33,194744,6523,3.3,473,0.2,500,0.3,7589,3.9,7995,4.1,14836,7.6,15345,7.9,1066,0.5,1.29,4.73,6.02,4.81,3.52,1.22,179395,948,3350,4034,942,4518,781,77,416,283
4834,Texas Congressional District 34,340164,44693,13.1,16546,4.9,26799,7.9,72564,21.3,78842,23.2,110075,32.4,115916,34.1,27871,8.2,2.63,5.77,6.93,5.86,5.35,2.21,224245,4187,14459,23719,9143,28796,13049,2366,8300,11900
4835,Texas Congressional District 35,241860,10106,4.2,1438,0.6,1530,0.6,13034,5.4,13498,5.6,21517,8.9,22088,9.1,2928,1.2,1.4,5.37,6.59,5.45,3.61,1.3,219771,634,3078,4936,1425,7442,2399,417,1066,692
4836,Texas Congressional District 36,459098,75772,16.5,15798,3.4,31951,7,99157,21.6,127244,27.7,153867,33.5,190575,41.5,23385,5.1,2.84,5.43,6.85,5.85,5.45,2.32,268506,11237,33704,26722,20942,56017,12170,2306,14933,12561
4901,Utah Congressional District 1,374010,7970,2.1,3826,1,4469,1.2,32957,8.8,34981,9.4,54178,14.5,56630,15.1,24987,6.7,1.66,5.34,6.69,5.48,3.64,1.62,317157,3261,9748,10023,4551,14967,6978,1327,4666,1332
4902,Utah Congressional District 2,393750,6623,1.7,4801,1.2,5313,1.3,39042,9.9,41790,10.6,68975,17.5,72163,18.3,32419,8.2,1.75,5.07,6.38,5.22,3.79,1.71,321253,4288,13779,14986,6570,19220,7017,1155,3703,1779
4903,Utah Congressional District 3,297218,3993,1.3,3901,1.3,4099,1.4,27636,9.3,29573,9.9,48038,16.2,49952,16.8,23643,8,1.72,5.27,6.68,5.4,4.13,1.69,247033,2509,9099,9551,3761,13867,5326,1138,3781,1153
4904,Utah Congressional District 4,283397,2981,1.1,1226,0.4,1422,0.5,18277,6.4,19474,6.9,37618,13.3,39650,14,15296,5.4,1.52,4.67,6.11,4.82,3.59,1.5,243438,2950,9455,9464,3599,9134,3226,408,1473,250
5000,Vermont Congressional District (at Large),307695,12758,4.1,25285,8.2,26201,8.5,44633,14.5,45498,14.8,54031,17.6,54911,17.8,31875,10.4,2.14,7.39,8.23,7.47,6.48,1.95,252725,1012,3217,4667,1742,11529,6070,1216,9618,15899
5101,Virginia Congressional District 1,429663,21854,5.1,16283,3.8,21259,4.9,32775,7.6,40513,9.4,42082,9.8,53469,12.4,10921,2.5,1.66,6.31,7.97,7.16,6.53,1.4,376184,4083,6574,5018,4761,8614,5620,1712,9924,7173
5102,Virginia Congressional District 2,281139,40874,14.5,20393,7.3,27774,9.9,48459,17.2,64782,23,73807,26.3,124078,44.1,7585,2.7,2.81,5.11,7.63,6.15,7.21,2.07,157053,9610,38535,17398,11833,17532,4078,1284,11880,11936
5103,Virginia Congressional District 3,262376,21724,8.3,4970,1.9,8164,3.1,30216,11.5,42667,16.3,49654,18.9,103499,39.4,8492,3.2,2.31,4.33,6.44,5.66,6.16,1.97,158874,6384,42084,17893,10983,16181,2810,694,4249,2224
5104,Virginia Congressional District 4,326546,10909,3.3,5897,1.8,6683,2,22890,7,25615,7.8,32265,9.9,37741,11.6,11981,3.7,1.52,5.5,6.82,5.84,4.55,1.42,288792,2341,7168,5257,3718,8124,4207,1095,3720,2124
5105,Virginia Congressional District 5,511519,8665,1.7,20470,4,21206,4.1,33581,6.6,34389,6.7,38751,7.6,39750,7.8,24916,4.9,1.51,7.59,8.33,7.72,6.13,1.43,471743,1104,2100,2204,1432,6313,4809,1546,9202,11066
5106,Virginia Congressional District 6,433824,19521,4.5,27692,6.4,29081,6.7,55532,12.8,57305,13.2,65468,15.1,66954,15.4,36011,8.3,1.97,7.26,8.02,7.38,6.65,1.75,366777,1661,4195,4489,2720,13226,9552,2377,14038,14789
5107,Virginia Congressional District 7,351572,4477,1.3,7317,2.1,7691,2.2,18121,5.2,18703,5.3,21917,6.2,22456,6.4,13644,3.9,1.37,6.84,7.62,6.95,4.99,1.33,329106,565,1627,1669,1451,4832,3890,1251,4334,2847
5108,Virginia Congressional District 8,165718,2992,1.8,1374,0.8,1681,1,10636,6.4,11481,6.9,14778,8.9,16140,9.7,7644,4.6,1.45,5.63,6.68,5.89,5.09,1.38,149566,679,2251,2191,1217,5245,2310,461,1385,413
5109,Virginia Congressional District 9,499304,24608,4.9,65778,13.2,68464,13.7,97079,19.4,99086,19.8,107499,21.5,109396,21.9,72471,14.5,2.57,8.14,8.72,8.25,7.83,2.29,389729,2189,3970,4613,3160,13409,11004,3242,22461,45527
5110,Virginia Congressional District 10,301908,3205,1.1,4064,1.3,4406,1.5,11896,3.9,12621,4.2,15293,5.1,15980,5.3,8691,2.9,1.29,6.5,7.49,6.69,5.42,1.25,285923,694,1268,1455,1002,4073,2540,676,2513,1764
5111,Virginia Congressional District 11,211554,2525,1.2,1243,0.6,1488,0.7,6987,3.3,7490,3.5,9319,4.4,10001,4.7,4462,2.1,1.24,5.99,7.04,6.27,4.05,1.2,201548,569,991,990,661,2896,1848,455,1326,270
5301,Washington Congressional District 1,329497,21728,6.6,18163,5.5,19094,5.8,46234,14,48357,14.7,60396,18.3,62927,19.1,24506,7.4,2.04,6.44,7.43,6.61,5.87,1.77,266528,2592,4572,9382,3026,18272,6097,1022,6542,11464
5302,Washington Congressional District 2,308225,17440,5.7,10480,3.4,11222,3.6,27529,8.9,29450,9.6,38490,12.5,41377,13.4,10089,3.3,1.67,5.99,7.16,6.25,5.23,1.46,266814,1685,4734,8826,2706,9755,2963,751,3421,6570
5303,Washington Congressional District 3,363566,16284,4.5,20924,5.8,22664,6.2,57857,15.9,61163,16.8,89642,24.7,93497,25.7,41573,11.4,2.26,5.88,7.21,6.04,6.15,2.07,270022,5056,8533,22919,4055,23721,7267,1177,8135,12681
5304,Washington Congressional District 4,371890,12409,3.3,9602,2.6,10147,2.7,52195,14,55089,14.8,82946,22.3,85597,23,39786,10.7,2.06,5.6,6.79,5.7,5.41,1.94,286247,3147,10592,16361,6554,28769,7788,1190,5956,5286
5305,Washington Congressional District 5,358876,8092,2.3,17053,4.8,18929,5.3,53776,15,57247,16,76722,21.4,79894,22.3,45684,12.7,2.14,6.11,7.35,6.27,6.74,2.03,278889,3512,9874,11026,4250,21581,9398,1433,8879,10034
5306,Washington Congressional District 6,406251,24083,5.9,23737,5.8,25941,6.4,52763,13,55936,13.8,66265,16.3,71285,17.5,28680,7.1,1.97,6.52,7.54,6.8,5.83,1.73,334877,3107,5819,11105,3869,15606,7018,1613,10437,12800
5307,Washington Congressional District 7,251586,1360,0.5,2047,0.8,2174,0.9,11129,4.4,12409,4.9,17908,7.1,20664,8.2,9769,3.9,1.36,5.34,6.73,5.83,4.35,1.34,230905,1295,3027,3684,1508,7489,1390,175,701,1412
5308,Washington Congressional District 8,328368,12149,3.7,17129,5.2,18345,5.6,52414,16,54703,16.7,73986,22.5,76374,23.3,40265,12.3,2.18,6.06,7.19,6.18,5.68,2.04,251924,3134,9051,11742,4880,20045,9148,1426,7623,9395
5309,Washington Congressional District 9,224535,1403,0.6,2216,1,2539,1.1,18288,8.1,19561,8.7,26337,11.7,27488,12.2,16885,7.5,1.55,5.45,6.28,5.58,5.04,1.52,197011,881,2546,7359,1414,9919,2508,315,1404,1178
5310,Washington Congressional District 10,266348,5673,2.1,8383,3.1,8848,3.3,33326,12.5,35579,13.4,51041,19.2,53181,20,27653,10.4,1.97,5.86,7,6.01,5.83,1.89,213128,2042,4133,10800,3092,18206,5533,767,3884,4763
5401,West Virginia Congressional District 1,450587,34864,7.7,59720,13.3,61530,13.7,103471,23,104612,23.2,124447,27.6,125428,27.8,68607,15.2,2.84,7.6,8.41,7.65,8.46,2.37,324929,1467,8269,9275,5244,23529,10452,2919,18857,45646
5402,West Virginia Congressional District 2,407414,39622,9.7,74190,18.2,76022,18.7,119333,29.3,120656,29.6,133052,32.7,134186,32.9,79711,19.6,3.33,8.06,8.59,8.12,8.25,2.8,273074,1458,4393,6606,3109,24160,14163,2508,18562,59381
5403,West Virginia Congressional District 3,481531,59308,12.3,110660,23,113786,23.6,156567,32.5,158970,33,174938,36.3,177241,36.8,97259,20.2,3.67,8.23,8.85,8.31,8.35,3.01,304000,3093,7823,8532,3735,22186,13385,3303,28733,86741
5501,Wisconsin Congressional District 1,294501,6498,2.2,3153,1.1,3342,1.1,19767,6.7,20802,7.1,30846,10.5,31791,10.8,13269,4.5,1.49,5.5,6.71,5.6,4.42,1.42,262622,1143,5136,5140,2610,9647,4113,698,2213,1179
5502,Wisconsin Congressional District 2,349999,12028,3.4,14690,4.2,15045,4.3,38428,11,39428,11.3,48759,13.9,49754,14.2,26400,7.5,1.8,6.6,7.51,6.69,6.12,1.64,300180,1159,4569,4943,2809,12583,7580,1533,8076,6567
5503,Wisconsin Congressional District 3,555426,31294,5.6,40291,7.3,40895,7.4,92335,16.6,93505,16.8,118936,21.4,120094,21.6,61041,11,2.24,6.72,7.67,6.76,6.18,2,435130,1817,12310,12993,5832,28562,15985,3083,18803,20911
5504,Wisconsin Congressional District 4,185500,950,0.5,1178,0.6,1175,0.6,9005,4.9,9576,5.2,15107,8.1,15443,8.3,8055,4.3,1.34,5.12,6.24,5.18,5.62,1.32,170041,394,2850,3276,1398,5541,994,95,420,491
5505,Wisconsin Congressional District 5,276448,10518,3.8,3297,1.2,3479,1.3,20100,7.3,20966,7.6,29147,10.5,29887,10.8,9582,3.5,1.51,5.66,6.71,5.76,4.6,1.38,246455,1000,4145,4256,2252,9537,4767,767,2465,804
5506,Wisconsin Congressional District 6,412816,24544,5.9,9093,2.2,9494,2.3,40898,9.9,42176,10.2,58277,14.1,59695,14.5,16354,4,1.69,5.78,6.84,5.87,4.78,1.5,352962,2012,7985,9003,4867,15856,9865,1716,5924,2626
5507,Wisconsin Congressional District 7,834685,33363,4,35515,4.3,36119,4.3,95887,11.5,97273,11.7,124415,14.9,125589,15,62524,7.5,1.82,6.47,7.39,6.52,4.89,1.7,708911,1863,14235,14126,9220,27841,20112,3958,19116,15303
5508,Wisconsin Congressional District 8,464744,22436,4.8,9529,2.1,9907,2.1,39265,8.4,40616,8.7,55467,11.9,56676,12.2,16829,3.6,1.59,5.84,6.92,5.93,4.07,1.47,407911,1863,8125,7925,5023,14304,8616,1569,5655,3753
5600,Wyoming Congressional District (at Large),335963,8206,2.4,6270,1.9,7115,2.1,39876,11.9,42106,12.5,62086,18.5,64516,19.2,31670,9.4,1.87,5.51,6.67,5.65,5.1,1.79,271394,2967,7759,12890,4910,20299,7198,1053,4805,2688